avg,eff_n,sd,se,avg_date,days_to_election,year,margin,upper,lower
0.5223358050699836,1.2675701226789464,0.00924635949827422,0.008212677664647412,2024-12-20,683,2026,0.04467161013996712,0.07169131965665711,0.017651900623277136
0.5223256778602292,1.2637884803728336,0.009246359498274221,0.008224955910239917,2024-12-21,682,2026,0.04465135572045842,0.07171146066514775,0.01759125077576909
0.5223166801926294,1.2604349391227363,0.009246359498274223,0.008235890392310548,2024-12-22,681,2026,0.04463336038525889,0.0717294397759606,0.01753728099455719
0.5223086180226374,1.2574351361205547,0.009246359498274223,0.008245708525490933,2024-12-23,680,2026,0.04461723604527479,0.07174561709413996,0.01748885499640962
0.522301340967011,1.25473158882358,0.009246359498274223,0.008254587184367152,2024-12-24,679,2026,0.04460268193402195,0.07176027377058988,0.017445090097454017
0.5222947304099094,1.252279063095948,0.009246359498274225,0.008262666328117502,2024-12-25,678,2026,0.04458946081981874,0.07177363303932532,0.017405288600312156
0.5222886913541739,1.2500414087363794,0.009246359498274223,0.008270058373084425,2024-12-26,677,2026,0.04457738270834777,0.07178587475579552,0.01736889066090001
0.5222831466953592,1.2479893415712753,0.009246359498274223,0.008276854803219878,2024-12-27,676,2026,0.04456629339071849,0.07179714569331189,0.017335441088125094
0.5222780331087031,1.246098854076491,0.009246359498274223,0.008283130934613818,2024-12-28,675,2026,0.044556066217406265,0.07180756699228573,0.0173045654425268
0.5222732980370791,1.2443500539937333,0.009246359498274225,0.008288949415564488,2024-12-29,674,2026,0.04454659607415823,0.0718172396513654,0.017275952496951064
0.5222688974471705,1.2427263009139353,0.009246359498274223,0.008294362841486637,2024-12-30,673,2026,0.044537794894341065,0.0718262486428321,0.017249341145850028
0.5222647941322227,1.2412135544167588,0.009246359498274225,0.008299415738136882,2024-12-31,672,2026,0.04452958826444542,0.07183466604291576,0.017224510485975075
0.5222609564105051,1.2397998750729513,0.009246359498274225,0.008304146086229909,2025-01-01,671,2026,0.044521912821010146,0.07184255344470655,0.017201272197313745
0.5222573571147787,1.238475037656361,0.009246359498274223,0.008308586507910307,2025-01-02,670,2026,0.04451471422955744,0.07184996384058234,0.01717946461853253
0.5222539727988212,1.2372302279079053,0.009246359498274223,0.00831276520038928,2025-01-03,669,2026,0.044507945597642484,0.07185694310692321,0.017158948088361756
0.5222507831079495,1.2360578023254092,0.009246359498274223,0.0083167066781126,2025-01-04,668,2026,0.04450156621589896,0.0718635311868894,0.017139601244908508
0.5222477702749191,1.2349510960627892,0.009246359498274221,0.008320432368236584,2025-01-05,667,2026,0.044495540549838175,0.07186976304133653,0.017121318058339812
0.5222449187127117,1.233904267953958,0.009246359498274223,0.008323961092512268,2025-01-06,666,2026,0.04448983742542345,0.07187566941978882,0.017104005431058087
0.5222422146829464,1.2329121744732359,0.009246359498274223,0.008327309460340757,2025-01-07,665,2026,0.04448442936589281,0.0718812774904139,0.01708758124137172
0.5222396460238585,1.2319702664597452,0.009246359498274223,0.008330492191730996,2025-01-08,664,2026,0.044479292047717056,0.07188661135851203,0.01707197273692208
0.5222372019256035,1.2310745039042206,0.009246359498274223,0.008333522384473584,2025-01-09,663,2026,0.044474403851207045,0.07189169249612513,0.017057115206288952
0.5222348727434554,1.2302212851824925,0.009246359498274223,0.008336411736572671,2025-01-10,662,2026,0.04446974548691074,0.07189654010023483,0.017042950873586652
0.522232649841576,1.2294073879299234,0.009246359498274225,0.008339170732529357,2025-01-11,661,2026,0.04446529968315205,0.07190117139317363,0.017029427973130465
0.5202588819674061,1.196751826008702,0.009471880126683471,0.008658330187347324,2025-01-12,660,2026,0.04051776393481221,0.06900367025118491,0.012031857618439515
0.5182918060770473,1.165583851771945,0.009696758880244587,0.008981623285319795,2025-01-13,659,2026,0.03658361215409456,0.06613315276279669,0.007034071545392432
0.5163313248023427,1.1358881289991354,0.009921015852404094,0.009308685618667205,2025-01-14,658,2026,0.032662649604685345,0.06328822529010045,0.00203707391927024
0.5143773430226053,1.1076497241445729,0.010144669945827522,0.009639104755460998,2025-01-15,657,2026,0.028754686045210587,0.060467340690677274,-0.0029579686002561
0.5125585742918148,1.0927156367358692,0.011380402534458415,0.010886895261390896,2025-01-16,656,2026,0.025117148583629678,0.060935033993605725,-0.010700736826346369
0.5127135146847404,1.1107680759251266,0.012331815790813364,0.011700794017633156,2025-01-17,655,2026,0.025427029369480714,0.06392264168749379,-0.013068582948532366
0.5128644357946058,1.1285131841960905,0.013230644184539172,0.01245453941454195,2025-01-18,654,2026,0.025728871589211666,0.06670430626305468,-0.015246563084631348
0.5130118086336224,1.1459898955139647,0.014081675359846035,0.01315418464214922,2025-01-19,653,2026,0.02602361726724478,0.06930088473991572,-0.017253650205426158
0.5131560063669514,1.1632284232631946,0.014889073359022124,0.013804960455483083,2025-01-20,652,2026,0.026312012733902712,0.07173033263244205,-0.019106307164636634
0.5131685237866161,1.168391014331524,0.014643821840410609,0.013547536581224097,2025-01-21,651,2026,0.026337047573232297,0.07090844292545959,-0.018234347778994985
0.5131826646417361,1.1736783208642267,0.014420028879094871,0.013310414766882987,2025-01-22,650,2026,0.02636532928347224,0.07015659386651726,-0.017425935299572787
0.5131550392647903,1.1851040081172424,0.01411616654445979,0.012966971016234178,2025-01-23,649,2026,0.02631007852958067,0.06897141317299112,-0.016351256113829774
0.5131308094007211,1.1962603563529186,0.013831586105214866,0.012646173311580543,2025-01-24,648,2026,0.026261618801442177,0.06786752899654216,-0.01534429139365781
0.5131093667146491,1.2071798492039687,0.013563934778534346,0.012345244741469441,2025-01-25,647,2026,0.026218733429298258,0.06683458862873272,-0.014397121770136204
0.5135025480497828,1.5197317838623394,0.011582145651991947,0.009395189601733384,2025-01-26,646,2026,0.027005096099565584,0.057915269889268414,-0.0039050776901372493
0.5172110079084173,1.8172536116236901,0.01305010909496045,0.009680691310425593,2025-01-27,645,2026,0.034422015816834683,0.06627149022813489,0.0025725414055344786
0.5209310659304046,2.1132320084194762,0.014645030016940347,0.010074341676053582,2025-01-28,644,2026,0.041862131860809226,0.0750067159750255,0.00871754774659294
0.5246188869643122,2.4137298621123073,0.01626304429829973,0.010467850541852258,2025-01-29,643,2026,0.049237773928624495,0.08367700221131844,0.014798545645930562
0.5282763178164157,2.7184090760664446,0.017902579071263344,0.010858208951587865,2025-01-30,642,2026,0.056552635632831416,0.0922761430835555,0.02082912818210734
0.5314926740016648,2.725127675901557,0.021291263061248678,0.012897573119129932,2025-01-31,641,2026,0.06298534800332956,0.10541836356526704,0.020552332441392075
0.529994137592683,2.9432606418267824,0.02180222270941636,0.012708269323713758,2025-02-01,640,2026,0.05998827518536598,0.10179848126038424,0.018178069110347715
0.527368786443751,3.3063023548582615,0.021923713970324346,0.012057099479543962,2025-02-02,639,2026,0.05473757288750192,0.09440543017520156,0.015069715599802282
0.5248055900828007,3.672321291380385,0.022047835691612224,0.011505238566944237,2025-02-03,638,2026,0.0496111801656014,0.08746341505084794,0.011758945280354857
0.522298733038213,4.040662922304357,0.022173812053317785,0.01103097882312383,2025-02-04,637,2026,0.044597466076425896,0.0808893864045033,0.008305545748348492
0.5189364341792503,4.451419971592236,0.021776687448901003,0.010321493251614647,2025-02-05,636,2026,0.03787286835850057,0.07183058115631274,0.003915155560688381
0.5168703349243519,4.75667805998559,0.02084144909717268,0.009555997614753193,2025-02-06,635,2026,0.03374066984870372,0.06517990200124173,0.002301437696165712
0.5160040552576168,4.9311501922525585,0.020316740160904564,0.009149132370621326,2025-02-07,634,2026,0.03200811051523367,0.062108756014577826,0.0019074650158895055
0.5151425306608354,5.114555479271784,0.019807978920703472,0.00875863076327159,2025-02-08,633,2026,0.030285061321670748,0.05910095653283428,0.0014691661105072154
0.5142913261973061,5.269074198567834,0.01862351454083464,0.008113243027442,2025-02-09,632,2026,0.028582652394612218,0.0552752219548964,0.001890082834328042
0.514341941950338,5.400741383548854,0.01799021018498482,0.0077412224362475735,2025-02-10,631,2026,0.028683883900676,0.05415250571593051,0.0032152620854214824
0.5145143096048623,5.462552073761514,0.01738047226807359,0.007436417736621248,2025-02-11,630,2026,0.02902861920972466,0.05349443356320857,0.004562804856240752
0.5146247526190577,5.556415693818976,0.016747177504551923,0.007104675698500908,2025-02-12,629,2026,0.029249505238115425,0.05262388828618341,0.00587512219004744
0.5141776256062986,5.65785437508129,0.01577687742760332,0.0066327735287776525,2025-02-13,628,2026,0.0283552512125973,0.050177076122275774,0.00653342630291882
0.5137249355164879,5.816907864515371,0.015513686875023584,0.006432339063502325,2025-02-14,627,2026,0.027449871032975803,0.04861226655189846,0.0062874755140531514
0.5132823212821122,5.983682103317898,0.015252817730463941,0.006235421616578941,2025-02-15,626,2026,0.026564642564224306,0.04707917968276902,0.006050105445679587
0.5131242969954638,5.927275923721491,0.014495768340015017,0.005954066315509172,2025-02-16,625,2026,0.026248593990927604,0.04583747216895278,0.0066597158129024295
0.51247123303201,5.367478573436238,0.013123584176182352,0.005664574611071329,2025-02-17,624,2026,0.024942466064020063,0.043578916534444734,0.00630601559359539
0.513769298108048,5.031175434905916,0.013603785751906251,0.006064919668872373,2025-02-18,623,2026,0.02753859621609589,0.047492181926686,0.007585010505505783
0.5150314713348626,4.676186539456438,0.01404895996924153,0.006496781507715718,2025-02-19,622,2026,0.0300629426697252,0.051437353830109916,0.00868853150934049
0.5162606768327419,4.30563037342041,0.01446258424553166,0.006969915769102096,2025-02-20,621,2026,0.03252135366548381,0.055452376545829705,0.009590330785137914
0.5171248598124789,4.216171914123459,0.015265825584608315,0.007434660487062682,2025-02-21,620,2026,0.03424971962495782,0.05870975262739404,0.009789686622521596
0.5185030872737796,4.591825960978834,0.016691105690006588,0.007789191793137561,2025-02-22,619,2026,0.03700617454755917,0.06263261554698174,0.011379733548136591
0.5183228040920219,5.080455795225985,0.01606533982573655,0.007127522189336115,2025-02-23,618,2026,0.03664560818404383,0.06009515618695965,0.013196060181128011
0.5181473506248331,5.562378781569219,0.015460046289416718,0.006555117941840815,2025-02-24,617,2026,0.03629470124966616,0.05786103927832244,0.014728363221009882
0.5179763518075807,6.038274317021839,0.014872843357621743,0.006052538831257313,2025-02-25,616,2026,0.03595270361516145,0.055865556369998015,0.016039850860324893
0.5178682011586516,6.444361375512741,0.014382164639114696,0.00566544872064366,2025-02-26,615,2026,0.03573640231730324,0.05437572860822088,0.017097076026385598
0.5177615249514625,6.84697014316513,0.013902481950250647,0.005313040456106735,2025-02-27,614,2026,0.0355230499029251,0.053002953003516255,0.01804314680233394
0.5177823582225936,6.898157340393861,0.013954130988554424,0.005312956344651646,2025-02-28,613,2026,0.035564716445187106,0.053044342819091025,0.01808509007128319
0.5178007825100848,6.948310364527843,0.0140003298553244,0.005311273473037508,2025-03-01,612,2026,0.035601565020169534,0.05307565474646293,0.018127475293876136
0.517236132287701,7.067483177817935,0.0136070261779094,0.005118359998154935,2025-03-02,611,2026,0.03447226457540209,0.05131166896933183,0.017632860181472355
0.516327195947461,7.3512845078778275,0.013653576371412,0.005035757501776558,2025-03-03,610,2026,0.03265439189492203,0.049222034075766904,0.016086749714077156
0.5154488806541301,7.653124940430997,0.01368756524718363,0.004947739213949124,2025-03-04,609,2026,0.030897761308260163,0.04717582332215278,0.014619699294367548
0.5122728234288477,6.889516773981455,0.014332430361685439,0.0054604125905476615,2025-03-05,608,2026,0.024545646857695447,0.042510404280597255,0.0065808894347936416
0.509169725742831,6.146420293475214,0.014973139475794576,0.0060395105333639326,2025-03-06,607,2026,0.018339451485662073,0.038209441140429415,-0.001530538169105266
0.5066405745970698,5.411878221473125,0.015938615189818407,0.00685135668539239,2025-03-07,606,2026,0.013281149194139585,0.035822112689080546,-0.009259814300801378
0.5045154565019953,4.530091852449754,0.016464121744186325,0.0077354407661950645,2025-03-08,605,2026,0.009030913003990504,0.034480513124772266,-0.01641868711679126
0.5027105358351225,3.8901454417642776,0.016644043233308765,0.008438707152310617,2025-03-09,604,2026,0.00542107167024497,0.033184418201346905,-0.02234227486085696
0.5032354145630338,4.331542246107058,0.016217324317195757,0.007792161132641259,2025-03-10,603,2026,0.0064708291260675566,0.032107039252457295,-0.019165381000322185
0.5034790422221512,4.9536781074124665,0.015658510333659066,0.007035363673725862,2025-03-11,602,2026,0.006958084444302459,0.030104430930860546,-0.016188262042255628
0.5037641931800658,5.510134729840611,0.015220951426091249,0.006484264039074104,2025-03-12,601,2026,0.007528386360131645,0.028861615048685448,-0.013804842328422159
0.5040748126952623,6.22359985473224,0.014482636264012314,0.005805328401677203,2025-03-13,600,2026,0.008149625390524662,0.02724915583204266,-0.010949905050993337
0.5040554810148616,6.695654962952352,0.014120785803214958,0.00545710528064453,2025-03-14,599,2026,0.008110962029723279,0.026064838403043782,-0.009842914343597225
0.5040250282682159,7.168400631680748,0.013769656932194492,0.005142946248662217,2025-03-15,598,2026,0.008050056536431871,0.024970349694530568,-0.008870236621666826
0.504499642384421,7.353038204199604,0.013264879262382474,0.004891813487687146,2025-03-16,597,2026,0.008999284768842042,0.025093351143332752,-0.007094781605648668
0.5049459019316962,7.554450733230798,0.012764895572893193,0.004644252458210952,2025-03-17,596,2026,0.00989180386339239,0.025171394450906423,-0.0053877867241216414
0.5053122030437446,7.607553801251556,0.012576712215758899,0.004559787536496662,2025-03-18,595,2026,0.010624406087489158,0.025626107082563177,-0.004377294907584862
0.5055045027594995,7.859298026198085,0.012236818358181033,0.004364923480218821,2025-03-19,594,2026,0.011009005518999082,0.025369603768919002,-0.00335159273092084
0.5056873917964196,8.118171189399844,0.01189652113800912,0.004175330693208924,2025-03-20,593,2026,0.011374783592839277,0.025111621573496636,-0.002362054387818082
0.5055849597816954,8.485594845133571,0.011859870520796215,0.004071353401850035,2025-03-21,592,2026,0.011169919563390751,0.024564672255477364,-0.0022248331286958637
0.5054878984433367,8.843318190380998,0.011820404363238338,0.00397488627613471,2025-03-22,591,2026,0.010975796886673495,0.02405317273515669,-0.002101578961809701
0.5057643091788938,8.76746874329762,0.011319902260946745,0.0038230111434908354,2025-03-23,590,2026,0.011528618357787623,0.02410632501987247,-0.0010490883042972247
0.5061848749330022,8.518599075385808,0.010970393060644349,0.0037587037641077722,2025-03-24,589,2026,0.012369749866004476,0.024735885249919046,3.6144820899051966e-6
0.5065868984699492,8.287279781830748,0.010622931088278238,0.0036901019386867966,2025-03-25,588,2026,0.013173796939898397,0.025314232318177955,0.0010333615616188365
0.5069720487985472,8.072987160175927,0.010277444197395518,0.0036171623065428143,2025-03-26,587,2026,0.013944097597094363,0.02584456158562022,0.002043633608568504
0.5071011182699388,8.021321735068453,0.010150390191807128,0.003583932068050215,2025-03-27,586,2026,0.01420223653987751,0.025993373043762716,0.002411100035992304
0.5068608455063797,8.406737652748586,0.010469026970667462,0.003610709688541326,2025-03-28,585,2026,0.01372169101275933,0.025600925888060292,0.0018424561374583669
0.5066380904685478,8.776207686918088,0.010767711777536451,0.0036347117594718514,2025-03-29,584,2026,0.013276180937095594,0.025234382625757987,0.0013179792484332032
0.5063148598748541,8.290750285501709,0.010660466607395723,0.003702365555231698,2025-03-30,583,2026,0.01262971974970828,0.024810502426420564,4.489370729959929e-4
0.5060044735877365,7.808774868595219,0.01054767112244009,0.0037745495331018867,2025-03-31,582,2026,0.012008947175472962,0.02442721513937817,-4.0932078843224605e-4
0.5055101814250622,7.3621811134940804,0.01027201908784475,0.0037857555629410046,2025-04-01,581,2026,0.011020362850124421,0.023475498652200326,-0.0014347729519514837
0.5050248579059238,6.924124756179622,0.010004644696314784,0.0038020622893739243,2025-04-02,580,2026,0.010049715811847548,0.02255850074388776,-0.0024590691201926626
0.5031930898051238,5.646951480149963,0.009505865126457916,0.004000226844286308,2025-04-03,579,2026,0.0063861796102475665,0.019546925927949522,-0.006774566707454388
0.5014987360555362,5.196004571075784,0.00941570623160953,0.004130647528935628,2025-04-04,578,2026,0.0029974721110723745,0.01658730248127059,-0.010592358259125842
0.49982518470108367,4.714935786673365,0.009333260431534905,0.004298287820158904,2025-04-05,577,2026,-3.496305978326619e-4,0.013791736330490132,-0.014490997526155456
0.49877152082618403,4.2226936259349985,0.008985076767556562,0.004372471684017772,2025-04-06,576,2026,-0.0024569583476319323,0.01192847349278654,-0.016842390188050404
0.49771490886668,3.7029820159923594,0.008645052924991962,0.0044925389897610074,2025-04-07,575,2026,-0.004570182266639966,0.010210271009673748,-0.01935063554295368
0.4979740113429656,4.078457177103692,0.008510694525612063,0.00421421850045153,2025-04-08,574,2026,-0.004051977314068811,0.009812801552416721,-0.01791675618055434
0.49821908419044536,4.44988557163433,0.008370648068114828,0.003968118759137251,2025-04-09,573,2026,-0.003561831619109279,0.009493279098452276,-0.016616942336670833
0.49823073393178996,4.89054447794476,0.008613910318208386,0.003895128049655073,2025-04-10,572,2026,-0.0035385321364200806,0.00927643914694511,-0.01635350341978527
0.4980767520919132,5.13073291736211,0.009046842366610316,0.00399399318280108,2025-04-11,571,2026,-0.0038464958161735785,0.009293741755241976,-0.01698673338758913
0.4978685598095655,5.546558962086075,0.009228818228084482,0.00391863014543855,2025-04-12,570,2026,-0.004262880380868972,0.008629412797623859,-0.017155173559361803
0.49795995549305316,5.890238684565486,0.009256039117219854,0.0038138072017675152,2025-04-13,569,2026,-0.004080089013893673,0.008467336679921453,-0.016627514707708797
0.4981611781894599,5.758692420140638,0.008931888018717235,0.003722042502942189,2025-04-14,568,2026,-0.003677643621080251,0.00856787621359955,-0.015923163455760052
0.4985674396449407,5.565574384518714,0.00821481078112878,0.003482110659594246,2025-04-15,567,2026,-0.002865120710118574,0.008591023359946496,-0.014321264780183644
0.4986885756430612,5.47311201946127,0.00798519902893491,0.0034132537556801844,2025-04-16,566,2026,-0.0026228487138776346,0.008606756142310172,-0.013852453570065442
0.49886098559808356,5.208628326747793,0.007973308299578359,0.0034936297149138506,2025-04-17,565,2026,-0.0022780288038328766,0.009216012958233691,-0.013772070565899444
0.49823649691939337,5.144107054178812,0.008392809844799553,0.0037004316290549354,2025-04-18,564,2026,-0.003527006161213264,0.008647413898377473,-0.015701426220804
0.49717462692162023,5.840695002256858,0.009105454400965855,0.0037676396587988784,2025-04-19,563,2026,-0.005650746156759534,0.006744788320688776,-0.018046280634207844
0.49621482869577105,6.620971820313773,0.009596059210316085,0.0037293406006394694,2025-04-20,562,2026,-0.007570342608457903,0.004699187967645952,-0.019839873184561756
0.49473663980597343,7.505989583436736,0.010652605477978607,0.0038882292626108636,2025-04-21,561,2026,-0.010526720388053135,0.002265553885936607,-0.023318994662042875
0.49329483409353997,8.393412539259318,0.011698561832706338,0.004037970949687687,2025-04-22,560,2026,-0.013410331812920062,-1.2540738844757197e-4,-0.02669525623739255
0.492416410096707,9.083844335618442,0.012468868944887976,0.004137063801345113,2025-04-23,559,2026,-0.015167179806585995,-0.001556239900160572,-0.02877811971301142
0.4916575279290248,9.622801406158837,0.013105708009769295,0.0042248347468364115,2025-04-24,558,2026,-0.01668494414195043,-0.0027852378248586374,-0.030584650459042226
0.4908304853698938,10.080689296673507,0.013928966625292744,0.004387062111603123,2025-04-25,557,2026,-0.01833902926021236,-0.0039055949130380827,-0.032772463607386636
0.4908184029824868,10.347912192757812,0.013695344692800801,0.004257421018400937,2025-04-26,556,2026,-0.018363194035026398,-0.004356278884487315,-0.03237010918556548
0.4910018969979301,10.458996602058873,0.013202589498624602,0.00408238640676665,2025-04-27,555,2026,-0.01799620600413976,-0.00456515472587748,-0.03142725728240204
0.49115328717570683,10.598736638673023,0.012729086009883102,0.0039099406989597215,2025-04-28,554,2026,-0.017693425648586336,-0.004829720749008852,-0.03055713054816382
0.4929941110901411,9.56668565723066,0.012927057157206781,0.004179447911574982,2025-04-29,553,2026,-0.014011777819717852,-2.613941906361595e-4,-0.027762161448799547
0.4947387592074459,8.562790179546422,0.01314083028570617,0.004490711499816499,2025-04-30,552,2026,-0.010522481585108157,0.0042519592492881245,-0.025296922419504438
0.4964250560915119,7.563775961028179,0.01334814399619412,0.004853461118216445,2025-05-01,551,2026,-0.00714988781697623,0.008817999261955874,-0.023117774895908334
0.4978467094727929,6.7285670852264134,0.01382516114152088,0.005329775407802889,2025-05-02,550,2026,-0.004306581054414171,0.013228380037257334,-0.021841542146085677
0.49923866099815284,5.872947550039027,0.014290478205698662,0.005896831264591245,2025-05-03,549,2026,-0.0015226780036943222,0.017877896856810873,-0.020923252864199517
0.4989275069836874,6.136659495882254,0.013893991885773184,0.005608684719702489,2025-05-04,548,2026,-0.0021449860326252512,0.016307586695195938,-0.02059755876044644
0.4992138285204601,6.531677836216559,0.013568664140719121,0.005309146566413169,2025-05-05,547,2026,-0.00157234295907982,0.015894749244419505,-0.019039435162579145
0.49949282347075075,6.932679264460732,0.013255277804109226,0.005034290585369549,2025-05-06,546,2026,-0.0010143530584985072,0.01554846296736731,-0.017577169084364325
0.4996102114702505,7.437619755518409,0.013052605134015812,0.004786082871863463,2025-05-07,545,2026,-7.795770594990481e-4,0.014966635588931746,-0.016525789707929842
0.4994920647471833,6.872190954183374,0.012288611209444637,0.004687650182575095,2025-05-08,544,2026,-0.0010158705056334538,0.014406498595038607,-0.016438239606305513
0.49841086955516567,6.328423334014997,0.012210517836805676,0.00485384966136447,2025-05-09,543,2026,-0.0031782608896686604,0.012790904496220445,-0.019147426275557766
0.49681792969948235,5.619618393748155,0.012066636405582937,0.0050901761766399215,2025-05-10,542,2026,-0.006364140601035295,0.010382539020110045,-0.023110820222180636
0.49563333176826474,5.070797552337053,0.011944280905192567,0.005304224199002693,2025-05-11,541,2026,-0.00873333646347052,0.008717561151248342,-0.026184234078189383
0.49482230361436613,4.5615129965473695,0.011671993470670406,0.005465005176448596,2025-05-12,540,2026,-0.010355392771267735,0.007624474259248146,-0.028335259801783617
0.49426674058735437,5.112777797661862,0.0119713264771473,0.00529436422918164,2025-05-13,539,2026,-0.011466518825291261,0.005951939488716335,-0.028884977139298856
0.4948819691720217,5.564692465192374,0.01194497408204807,0.005063661056144058,2025-05-14,538,2026,-0.010236061655956585,0.006423383218757364,-0.026895506530670535
0.4954751593111327,6.011879778999553,0.011916683845229285,0.004860156721443359,2025-05-15,537,2026,-0.009049681377734653,0.006940234235814,-0.025039596991283306
0.4956908487240182,6.2794096509027995,0.011864868213732145,0.004734820406416628,2025-05-16,536,2026,-0.008618302551963608,0.006959256585147096,-0.02419586168907431
0.4957095556683358,6.387967002917775,0.011852716272152826,0.004689608156103881,2025-05-17,535,2026,-0.008580888663328401,0.006847922170253368,-0.024009699496910168
0.4961330551654024,6.768523823935,0.011672250006976337,0.004486499256953045,2025-05-18,534,2026,-0.007733889669195193,0.007026692886180326,-0.02249447222457071
0.4965614782823747,7.461108406714399,0.011337260798812126,0.004150557760800411,2025-05-19,533,2026,-0.0068770434352506404,0.006778291597782713,-0.020532378468283992
0.49697829664089127,8.15375654425397,0.011013387998342249,0.003856932776581357,2025-05-20,532,2026,-0.006043406718217459,0.006645902116735205,-0.018732715553170125
0.49724781798097173,8.998652567702518,0.01073931149704303,0.003580038501240287,2025-05-21,531,2026,-0.005504364038056542,0.006273962631024003,-0.01728269070713709
0.4975183610800924,9.837750101513208,0.010481325884654778,0.003341706712528623,2025-05-22,530,2026,-0.0049632778398152055,0.006030937244403964,-0.015957492924034374
0.49737919076722087,10.395768062498,0.010396601717313271,0.0032245054564972874,2025-05-23,529,2026,-0.005241618465558262,0.005367004486317814,-0.015850241417434338
0.49722986650193546,10.63271419875179,0.010471255137707313,0.003211268885064555,2025-05-24,528,2026,-0.005540266996129084,0.005024807635733302,-0.01610534162799147
0.49775423877624125,10.275212099348721,0.010597499735715464,0.0033060393372920023,2025-05-25,527,2026,-0.004491522447517493,0.0063853469721731945,-0.01536839186720818
0.5000310542619388,9.16743395429836,0.01155946721541854,0.0038178065848039123,2025-05-26,526,2026,6.210852387766863e-5,0.01262269218788254,-0.012498475140127203
0.502258835671349,8.084719524373051,0.012509930570423608,0.004399693475133196,2025-05-27,525,2026,0.004517671342697982,0.018992662875886197,-0.009957320190490233
0.5044403005151509,7.024591276849394,0.013449850289335223,0.005074659651491947,2025-05-28,524,2026,0.008880601030301749,0.025576231283710255,-0.007815029223106756
0.5065791317114589,5.98562819491012,0.014382076593654921,0.005878502795066552,2025-05-29,523,2026,0.013158263422917704,0.032498537618686665,-0.006182010772851253
0.5080119424901396,5.553840638029273,0.0152469757604741,0.006469742605511325,2025-05-30,522,2026,0.01602388498027918,0.03730933815241144,-0.00526156819185308
0.5077974565263534,5.731773684403825,0.015221894695100265,0.006358053764839657,2025-05-31,521,2026,0.015594913052706882,0.03651290993902935,-0.005323083833615589
0.5073946311613933,5.9194666986150395,0.014779879116665305,0.006074766526091004,2025-06-01,520,2026,0.014789262322786545,0.034775244193625945,-0.005196719548052859
0.506850939020425,6.221388814445456,0.01440152099395958,0.005773839267920852,2025-06-02,519,2026,0.01370187804084999,0.032697809232309596,-0.005294053150609615
0.5063448665047009,6.521914176347234,0.014029837233465325,0.005493701936405498,2025-06-03,518,2026,0.012689733009401793,0.030764012380175884,-0.005384546361372297
0.5053035980993201,6.735756324071437,0.013557978519960451,0.005223983033347589,2025-06-04,517,2026,0.010607196198640256,0.027794100378353826,-0.0065797079810733135
0.5043166351515638,6.971125155813554,0.01309801445892291,0.004960826354728465,2025-06-05,516,2026,0.00863327030312755,0.0249543890101842,-0.007687848403929103
0.5033975580274452,7.265039729343454,0.013405988729130229,0.004973703056188305,2025-06-06,515,2026,0.006795116054890471,0.023158599109749996,-0.009568366999969054
0.5026874728904802,7.454462182995779,0.01363838441716962,0.004995221717465104,2025-06-07,514,2026,0.005374945780960427,0.02180922523142062,-0.011059333669499766
0.502640858180322,7.401178283948572,0.013674963491509642,0.005026616385774774,2025-06-08,513,2026,0.0052817163606440065,0.021819284269843014,-0.011255851548555
0.5029913318458353,7.742274135007334,0.01367166384206192,0.004913456315219496,2025-06-09,512,2026,0.005982663691670664,0.02214793496874281,-0.01018260758540148
0.5033255635115971,8.071209086535777,0.01366352418148659,0.004809428036429918,2025-06-10,511,2026,0.006651127023194148,0.02247414526304858,-0.009171891216660285
0.5033207131779475,8.427324663451367,0.013324541649130052,0.004589944306481315,2025-06-11,510,2026,0.0066414263558949305,0.021742343124218456,-0.008459490412428595
0.5033148681903815,8.789549249296524,0.013005565690699343,0.004386780912068124,2025-06-12,509,2026,0.006629736380763029,0.02106224558146716,-0.007802772819941099
0.5026693006945345,9.411490620066777,0.012879565390167382,0.004198285814359931,2025-06-13,508,2026,0.005338601389069053,0.019150961718313222,-0.008473758940175118
0.5016199936337691,10.013695576082487,0.013633838921164437,0.004308449099123678,2025-06-14,507,2026,0.003239987267538158,0.01741478480365506,-0.010934810268578742
0.5022349787381846,9.424934009834685,0.015502770813131046,0.005049753368815705,2025-06-15,506,2026,0.004469957476369135,0.021083646059772806,-0.012143731107034535
0.5025939839001388,9.273300630518907,0.016927969693938723,0.005558885173216585,2025-06-16,505,2026,0.0051879678002775265,0.023476700020160092,-0.013100764419605039
0.5029772198796418,9.286445970977354,0.018152985577608322,0.00595694094179276,2025-06-17,504,2026,0.0059544397592836695,0.02555277545778185,-0.013643895939214511
0.5033678043954213,9.410965767302113,0.01927462127377511,0.006283024548284378,2025-06-18,503,2026,0.006735608790842562,0.027406759554698165,-0.013935541973013041
0.5046164104688049,9.365312302413027,0.01986720609420567,0.006491957452810855,2025-06-19,502,2026,0.009232820937609798,0.03059136095735751,-0.012125719082137915
0.5041973064774258,10.490116656867576,0.01932613124034887,0.005966982518661723,2025-06-20,501,2026,0.008394612954851555,0.028025985441248624,-0.011236759531545515
0.5031472233211572,9.811646613214533,0.019071859753483404,0.00608866522206157,2025-06-21,500,2026,0.0062944466423144885,0.026326155222897052,-0.013737261938268075
0.5020985098630747,9.165579747559542,0.018690366819806004,0.006173591009091622,2025-06-22,499,2026,0.004197019726149387,0.024508134146060824,-0.01611409469376205
0.5008047666284091,8.624468623066385,0.01835220880438991,0.006249167544630262,2025-06-23,498,2026,0.0016095332568182297,0.02216929447865179,-0.01895022796501533
0.49927050578869087,7.9764452344365875,0.01781493647734415,0.0063078242478875595,2025-06-24,497,2026,-0.0014589884226182681,0.019293753352931802,-0.02221173019816834
0.4972261603630166,7.72374041104667,0.017354898403805462,0.00624465199936634,2025-06-25,496,2026,-0.005547679273966821,0.014997225803948439,-0.02609258435188208
0.4966247781429736,8.738706668486671,0.01704593866657944,0.005766301423357165,2025-06-26,495,2026,-0.006750443714052756,0.012220687968792318,-0.02572157539689783
0.4960190331746842,9.538620921062877,0.01706804938933976,0.005526384478004534,2025-06-27,494,2026,-0.00796193365063158,0.010219871282003336,-0.026143738583266497
0.49567097414522576,10.10514838809615,0.017154969580652393,0.005396579815554977,2025-06-28,493,2026,-0.008658051709548475,0.009096695883627399,-0.02641279930272435
0.495441653764963,10.467874169703526,0.016887867359969985,0.005219700236844591,2025-06-29,492,2026,-0.009116692470073962,0.00805612130914474,-0.026289506249292664
0.49520150922107764,10.607738038841212,0.016694869925530167,0.005125917907617005,2025-06-30,491,2026,-0.00959698155784472,0.007267288358215225,-0.026461251473904664
0.4949575827568341,10.770392597729703,0.016501463653063812,0.005028132342668057,2025-07-01,490,2026,-0.010084834486331795,0.0064577209210461145,-0.026627389893709705
0.4946366822312929,10.597194966232362,0.01595328774189141,0.004900661842395093,2025-07-02,489,2026,-0.010726635537414153,0.0053965419240657,-0.026849812998894006
0.49430809093379147,10.470298629404326,0.015421034323645085,0.004765779770790246,2025-07-03,488,2026,-0.011383818132417067,0.004295597313482842,-0.027063233578316977
0.49385411708681715,10.57576950451043,0.015254647204061647,0.0046907920415229926,2025-07-04,487,2026,-0.012291765826365708,0.003140939990244937,-0.027724471642976353
0.49395106417932316,10.554838161660111,0.014970717647963499,0.004608046259038165,2025-07-05,486,2026,-0.012097871641353675,0.003062600550881889,-0.027258343833589237
0.49378911333296016,10.108186174415035,0.014376664950710466,0.004521906055702016,2025-07-06,485,2026,-0.012421773334079678,0.002455297589179955,-0.027298844257339312
0.4935901674268327,10.168564279721682,0.014132062485456004,0.004431754862239228,2025-07-07,484,2026,-0.012819665146334591,0.0017608083504324704,-0.027400138643101653
0.49338943750711306,10.214241383331629,0.013889140660127058,0.0043458258385209985,2025-07-08,483,2026,-0.01322112498577388,0.0010766420229602058,-0.027518891994507966
0.4931869050762432,10.247529295927386,0.013649288376802618,0.0042638353433888075,2025-07-09,482,2026,-0.013626189847513626,4.018284322355511e-4,-0.027654208127262804
0.4928681469388923,10.437798847711502,0.013382530819065198,0.004142226003235303,2025-07-10,481,2026,-0.014263706122215392,-6.357825715712431e-4,-0.02789162967285954
0.49279431896260867,11.046480041328584,0.013439635278409622,0.004043668333154286,2025-07-11,480,2026,-0.014411362074782663,-0.0011076932587050625,-0.027715030890860262
0.4928178053971816,11.493377068090544,0.013516560301048615,0.0039869644084862725,2025-07-12,479,2026,-0.014364389205636763,-0.001247276301716926,-0.027481502109556598
0.49256006977478517,10.80832725077174,0.013215362089207634,0.0040197572215625536,2025-07-13,478,2026,-0.01487986045042966,-0.0016548591914888593,-0.02810486170937046
0.4947646766667847,9.787146539334216,0.014978953531682864,0.004787992131702668,2025-07-14,477,2026,-0.010470646666430605,0.005281847446871175,-0.026223140779732385
0.497030341994761,8.574748789661218,0.016726145562322516,0.005711960154160564,2025-07-15,476,2026,-0.005939316010478035,0.01285303289671022,-0.02473166491766629
0.49962170735095085,7.617678967295952,0.018234247475092624,0.006606577160807173,2025-07-16,475,2026,-7.565852980983001e-4,0.0209790535609573,-0.0224922241571539
0.502153024307803,6.64661673394528,0.019714394684897506,0.007646859815130629,2025-07-17,474,2026,0.004306048615605906,0.029464217407385675,-0.020852120176173862
0.504904860351816,6.773167289041594,0.02154130046458191,0.008277058359168539,2025-07-18,473,2026,0.009809720703632063,0.03704124270529656,-0.01742180129803243
0.5051372202952749,7.204981340591697,0.021272016827481203,0.00792487165890153,2025-07-19,472,2026,0.010274440590549716,0.03634726834833575,-0.01579838716723632
0.5042365135968921,7.79852464256503,0.02070031122198797,0.007412601455620988,2025-07-20,471,2026,0.008473027193784288,0.03286048598277734,-0.015914431595208764
0.5028659484329214,8.24536068033774,0.02032015959744475,0.007076561505629425,2025-07-21,470,2026,0.005731896865842856,0.029013784219363663,-0.01754999048767795
0.5014041689238589,8.858765205526476,0.019883156899949773,0.006680342726631523,2025-07-22,469,2026,0.0028083378477177234,0.024786665418335435,-0.019169989722899988
0.4999966619740077,9.472824851053272,0.01945833820759228,0.006322167442305242,2025-07-23,468,2026,-6.6760519845665556e-6,0.02079325483319968,-0.020806606937168813
0.4981637734875779,10.296656257070769,0.01942040809564542,0.006052157821653504,2025-07-24,467,2026,-0.0036724530248442022,0.016239146208395824,-0.02358405225808423
0.49753299056435807,10.948389869069505,0.019697301323438457,0.005952941320175153,2025-07-25,466,2026,-0.004934018871283863,0.014651158072092389,-0.024519195814660114
0.4970496096249914,11.4594645728655,0.01998972923910346,0.005905065897520366,2025-07-26,465,2026,-0.005900780750017209,0.013526886052824795,-0.025328447552859214
0.4956870221378897,11.124862726406045,0.019896920115694473,0.005965385660208166,2025-07-27,464,2026,-0.008625955724220646,0.01100016309786422,-0.028252074546305513
0.4935109790768013,11.136070983131981,0.02017443166746331,0.006045542990315346,2025-07-28,463,2026,-0.012978041846397392,0.006911794591740097,-0.032867878284534885
0.49181416404688827,11.008863246757315,0.020089708447032947,0.006054836155993021,2025-07-29,462,2026,-0.01637167190622346,0.003548739046993578,-0.0362920828594405
0.4901417388183846,10.915348136827248,0.020025166085110065,0.006061182084020713,2025-07-30,461,2026,-0.01971652236323085,2.2476669319729942e-4,-0.039657811419658996
0.48827828619070757,10.992668826270796,0.02006914129454103,0.006053091215312226,2025-07-31,460,2026,-0.023443427618584867,-0.0035287575202076413,-0.04335809771696209
0.4874808425402535,11.76869856735889,0.020565879134491,0.005994915409839401,2025-08-01,459,2026,-0.025038314919493043,-0.005315043221121415,-0.04476158661786467
0.48753091313531355,12.215524749502297,0.020690454958481177,0.005919894626726066,2025-08-02,458,2026,-0.024938173729372903,-0.005461720407444144,-0.04441462705130166
0.48794312340307006,11.467199145056966,0.020242761774069584,0.005977795954530781,2025-08-03,457,2026,-0.024113753193859888,-0.004446804503453618,-0.04378070188426616
0.4880167397392754,10.876454813193838,0.019910912724735285,0.006037365779403049,2025-08-04,456,2026,-0.02396652052144921,-0.004103587107213175,-0.04382945393568524
0.4882854497860044,10.161171097651266,0.019489380115227595,0.0061140099888145226,2025-08-05,455,2026,-0.02342910042799118,-0.0033140075647913984,-0.043544193291190955
0.48852487379353776,9.454145633811901,0.019074793645374753,0.006203670237453228,2025-08-06,454,2026,-0.022950252412924477,-0.002540177331703357,-0.0433603274941456
0.48873939886904,8.751992483410621,0.01866917187239156,0.006310613554535433,2025-08-07,453,2026,-0.022521202261920004,-0.0017592836674984284,-0.043283120856341575
0.4885982323177174,9.199949656819895,0.018827520918549268,0.006207266811439449,2025-08-08,452,2026,-0.022803535364565253,-0.0023816275549294642,-0.043225443174201045
0.4895005624144971,7.924618695647819,0.017990515252980125,0.006390788050571906,2025-08-09,451,2026,-0.02099887517100585,2.681751537572316e-5,-0.042024567857387424
0.49038496613977267,6.764668954211468,0.016657338520855925,0.006404457348499315,2025-08-10,450,2026,-0.019230067720454658,0.0018405969561080884,-0.040300732397017404
0.49119662721677415,5.613994485838804,0.015281372188615408,0.006449504684541742,2025-08-11,449,2026,-0.017606745566451698,0.0036121248456906334,-0.03882561597859403
0.4919733255970295,4.4330127174472915,0.013928006317041906,0.006615146498489565,2025-08-12,448,2026,-0.016053348805941003,0.005710483174089665,-0.03781718078597167
0.49243840185226023,3.3887799063801465,0.012479868325657372,0.006779354144986885,2025-08-13,447,2026,-0.015123196295479535,0.007180878841527318,-0.03742727143248639
0.4921415512303995,3.872227398635316,0.011935862232734473,0.0060655944627955715,2025-08-14,446,2026,-0.015716897539201025,0.004238908243396407,-0.035672703321798456
0.4918344562995525,4.195069682073676,0.011908141465469597,0.005813991543842495,2025-08-15,445,2026,-0.01633108740089495,0.0027969447783468583,-0.035459119580136755
0.4915754408191174,4.469652389875423,0.011941012632770727,0.005648124788604599,2025-08-16,444,2026,-0.01684911836176517,0.001733212192743961,-0.0354314489162743
0.4914831343748644,5.013437059629821,0.01146802718300548,0.005121780120915036,2025-08-17,443,2026,-0.01703373125027119,-1.8307465246071922e-4,-0.03388438784808166
0.4919044076291581,5.879059009014787,0.011272748721051933,0.004649175244841,2025-08-18,442,2026,-0.016191184741683795,-8.953981861569045e-4,-0.03148697129721069
0.492312406868263,6.7485969603213745,0.011059248398239914,0.004257149156846432,2025-08-19,441,2026,-0.015375186263474006,-0.0013691655374492451,-0.029381206989498768
0.4927076835804161,7.620705892696145,0.01082990401738516,0.00392307857833245,2025-08-20,440,2026,-0.014584632839167777,-0.0016777043164540179,-0.027491561361881536
0.49316110367754995,8.647099862261728,0.010541394859052849,0.0035847827754084062,2025-08-21,439,2026,-0.0136777926449001,-0.0018838573138064436,-0.025471727975993758
0.4934395180197981,9.395114581282778,0.010733863718780857,0.003501910452212917,2025-08-22,438,2026,-0.013120963960403853,-0.001599678572623357,-0.024642249348184347
0.493479439738259,9.643859986572322,0.010751010388876834,0.003461974249927642,2025-08-23,437,2026,-0.013041120523482053,-0.0016512252412201108,-0.024431015805743993
0.49273581260388793,9.537894051551726,0.011021641391030033,0.003568782079197103,2025-08-24,436,2026,-0.01452837479222413,-0.0027870817516656623,-0.026269667832782596
0.4920086447728833,9.594599613412793,0.01120796610054285,0.003618373387895627,2025-08-25,435,2026,-0.015982710454233384,-0.004078262008056771,-0.02788715890041
0.49295896062692357,8.654595350537477,0.012023723566142652,0.004087103158375526,2025-08-26,434,2026,-0.01408207874615286,-6.35509355097378e-4,-0.02752864813720834
0.4938986783141026,7.73396442379364,0.012817974662578717,0.004609123274126778,2025-08-27,433,2026,-0.012202643371794775,0.002961372200082326,-0.027366658943671875
0.4948238390494107,6.827820736338329,0.013587944757327025,0.005200112237799389,2025-08-28,432,2026,-0.01035232190117863,0.00675604736118136,-0.02746069116353862
0.49651851116930507,6.28339470713896,0.014082316026955017,0.005617937655294445,2025-08-29,431,2026,-0.006962977661389869,0.011520037224528858,-0.025445992547308595
0.498183452280766,5.583171453901896,0.014639794018777366,0.006195758535420584,2025-08-30,430,2026,-0.0036330954384680147,0.016750950143065706,-0.024017141020001735
0.49759965750795493,5.91643630075163,0.014348795779690969,0.005899094562708813,2025-08-31,429,2026,-0.004800684984090142,0.014607336127221853,-0.024208706095402138
0.49584137137777085,6.720543651603563,0.014964654721561802,0.005772507391658192,2025-09-01,428,2026,-0.00831725724445831,0.01067429207409714,-0.02730880656301376
0.4937556605492609,7.821051915279452,0.015438790956766769,0.00552052908736506,2025-09-02,427,2026,-0.0124886789014782,0.0056738617959528476,-0.03065121959890925
0.49169282455289004,8.671009236729715,0.015554541754784705,0.005282291899564149,2025-09-03,426,2026,-0.01661435089421992,7.643894553461296e-4,-0.03399309124378597
0.4896772281547993,9.549638851677104,0.015685298272727837,0.005075739300500174,2025-09-04,425,2026,-0.02064554369040139,-0.003946361391755818,-0.037344725989046965
0.4881956897183035,10.271241759394206,0.016072025519614095,0.005014863744029073,2025-09-05,424,2026,-0.023608620563392968,-0.007109718845537318,-0.040107522281248614
0.487936882281043,10.538188339094397,0.015568642951982617,0.004795874178647314,2025-09-06,423,2026,-0.024126235437914034,-0.00834780939016437,-0.0399046614856637
0.48854460881663525,9.25498656999163,0.014463363718558516,0.004754243390061239,2025-09-07,422,2026,-0.0229107823667295,-0.007269321613428022,-0.03855224312003097
0.48906859108819284,8.284668652057313,0.013758806037149629,0.004780168180088688,2025-09-08,421,2026,-0.021862817823614322,-0.006136064511122537,-0.03758957113610611
0.48956283554709645,7.2977437501951945,0.013063097759738905,0.0048356167375440354,2025-09-09,420,2026,-0.020874328905807094,-0.004965149839287218,-0.03678350797232697
0.49002932731984933,6.29729703287698,0.012374916682855895,0.004931342810230988,2025-09-10,419,2026,-0.019941345360301344,-0.003717227514641392,-0.0361654632059613
0.4903567316429407,5.33796319576045,0.011768647646929243,0.005093763448835889,2025-09-11,418,2026,-0.01928653671411862,-0.0025280549674485432,-0.0360450184607887
0.49000189515036935,5.698978153837741,0.012132907292772378,0.005082371220475068,2025-09-12,417,2026,-0.019996209699261303,-0.003275208383898328,-0.036717211014624274
0.4902060657094013,5.550889854753112,0.012017062075906894,0.005100549887732669,2025-09-13,416,2026,-0.019587868581197432,-0.00280705945055695,-0.03636867771183791
0.4904129928546996,5.584254379208354,0.011670123237974032,0.004938474840358379,2025-09-14,415,2026,-0.019174014290600838,-0.0029264320658217713,-0.035421596515379905
0.49059734431958224,5.668623215910946,0.011285719519723146,0.004740132233065333,2025-09-15,414,2026,-0.01880531136083552,-0.0032102763140505735,-0.034400346407620463
0.4908733856824522,5.840014207707374,0.01073382152246498,0.004441681546682193,2025-09-16,413,2026,-0.018253228635095597,-0.0036400963465111832,-0.03286636092368001
0.49131209852091295,5.938506525567525,0.009979134847956045,0.004095003452636789,2025-09-17,412,2026,-0.01737580295817409,-0.0039032415989990552,-0.03084836431734913
0.4906952486642005,6.6745750838713045,0.01012935416332888,0.003920757163746969,2025-09-18,411,2026,-0.018609502671599,-0.005710211602871471,-0.03150879374032653
0.49010237531933226,7.210737539568431,0.01048878525167399,0.0039060279773117453,2025-09-19,410,2026,-0.019795249361335476,-0.006944417315979834,-0.03264608140669112
0.48955436353811843,7.679517832166263,0.010866406645069935,0.003921199843880154,2025-09-20,409,2026,-0.020891272923763138,-0.007990525437397429,-0.03379202041012885
0.48978841209677354,8.19064318798447,0.011706650972057262,0.004090474284801507,2025-09-21,408,2026,-0.02042317580645292,-0.006965515409455961,-0.03388083620344988
0.49207305865000933,8.063246117248523,0.014111706921856093,0.004969636115756389,2025-09-22,407,2026,-0.015853882699981336,4.96220120857184e-4,-0.03220398552081986
0.4948983466942777,7.750352464586476,0.0160422876889759,0.00576242881702896,2025-09-23,406,2026,-0.01020330661144464,0.00875508419658064,-0.02916169741946992
0.4977231756471806,7.630478425161849,0.017718942340618316,0.006414486722740563,2025-09-24,405,2026,-0.004553648705638791,0.016550012612177662,-0.025657310023455244
0.5004940690729759,7.5176215518938125,0.019397181211360876,0.007074543048496549,2025-09-25,404,2026,9.88138145951778e-4,0.024263384775505423,-0.022287108483601867
0.5024748942028306,7.215261538102773,0.02068795697885393,0.00770178809563098,2025-09-26,403,2026,0.004949788405661293,0.030288671240287217,-0.02038909442896463
0.502173302680245,7.739715828141702,0.020269804563314134,0.00728596454677966,2025-09-27,402,2026,0.004346605360489919,0.028317428719395,-0.019624217998415162
0.5017841415779546,8.38412614941811,0.019544320038071442,0.006749811793992419,2025-09-28,401,2026,0.00356828315590918,0.025775163958144238,-0.018638597646325878
0.5011356246110723,9.039580517087732,0.019112415572462054,0.006356842352912547,2025-09-29,400,2026,0.0022712492221446112,0.02318526056322689,-0.01864276211893767
0.5005175730967505,9.688783956113939,0.018688538482035104,0.0060040002709573406,2025-09-30,399,2026,0.0010351461935009798,0.02078830708495063,-0.01871801469794867
0.4999266385781919,10.332349384214801,0.01827268718358508,0.005684638837295603,2025-10-01,398,2026,-1.4672284361616494e-4,0.01855573893108637,-0.0188491846183187
0.49956602955608975,10.7851396917987,0.017989177710146947,0.0054777022888017664,2025-10-02,397,2026,-8.679408878204953e-4,0.017153699642337317,-0.018889581417978307
0.4993246847322566,11.10493487323778,0.01803077917994593,0.005410737773179471,2025-10-03,396,2026,-0.0013506305354867854,0.016450696738273672,-0.019151957809247243
0.49931191012800485,11.219658791441507,0.01803966199587292,0.005385655518445685,2025-10-04,395,2026,-0.0013761797439902912,0.016342626911696013,-0.019094986399676595
0.4990306329039724,10.984909836963825,0.01759687987049729,0.005309301897732328,2025-10-05,394,2026,-0.001938734192055147,0.015528869051484213,-0.019406337435594508
0.4982675674775293,11.017690499277856,0.017117924515678017,0.005157103206208514,2025-10-06,393,2026,-0.0034648650449413676,0.013502004503484644,-0.02043173459336738
0.497342245452343,11.254770958627342,0.01651142665374255,0.004921712818247475,2025-10-07,392,2026,-0.005315509095313975,0.010876926076720219,-0.02150794426734817
0.49709910566819393,10.092146783685255,0.015554078493157939,0.004896125113627869,2025-10-08,391,2026,-0.00580178866361214,0.010306462960223549,-0.021910040287447828
0.496855851402286,8.957099391807827,0.01461111848326142,0.00488202237854,2025-10-09,390,2026,-0.006288297195428005,0.009773556429968595,-0.022350150820824605
0.49687487085482224,8.194300525995732,0.014127318402567788,0.0049351890041180735,2025-10-10,389,2026,-0.006250258290355526,0.009986513533192937,-0.02248703011390399
0.4973742921967507,7.185707647562918,0.013690765758054333,0.00510731880687788,2025-10-11,388,2026,-0.005251415606498555,0.011551663268129671,-0.02205449448112678
0.49770860331341427,6.2683835297737,0.013191188483589862,0.005268732450969246,2025-10-12,387,2026,-0.004582793373171468,0.012751336390517353,-0.02191692313686029
0.49728016196401176,6.862467688728084,0.013067297608154787,0.004988220306179351,2025-10-13,386,2026,-0.005439676071976485,0.010971568735353581,-0.02185092087930655
0.4968320795681395,7.569328568934315,0.012884725294686898,0.00468324076060881,2025-10-14,385,2026,-0.006335840863720965,0.009072021238682022,-0.021743702966123952
0.49610041586590947,8.404636174281594,0.0130517484804287,0.00450203883411233,2025-10-15,384,2026,-0.007799168268181056,0.007012539496048511,-0.022610876032410625
0.49523443069998824,9.451961737598136,0.01313123155280349,0.004271146640034103,2025-10-16,383,2026,-0.009531138600023525,0.004520933845688673,-0.023583211045735724
0.4947239042122043,10.213316260103483,0.013400603047661825,0.004193155349508617,2025-10-17,382,2026,-0.010552191575591396,0.0032432895242919535,-0.024347672675474746
0.49432024693949506,10.872177077252061,0.013646170116197627,0.004138591127723058,2025-10-18,381,2026,-0.011359506121009888,0.0022564586891989733,-0.024975470931218748
0.49341400410940234,11.088071957357217,0.01357577636191792,0.004076961940847962,2025-10-19,380,2026,-0.013171991781195325,2.4121300419446996e-4,-0.026585196566585118
0.49175757562160394,11.826601743760476,0.01392014523007737,0.004047750919855228,2025-10-20,379,2026,-0.016484848756792125,-0.0031677482304684253,-0.029801949283115824
0.490289234668315,12.374181283756068,0.014339089644879911,0.004076273755334818,2025-10-21,378,2026,-0.019421530663370046,-0.006010590008318493,-0.0328324713184216
0.4888415964005386,12.952667868533304,0.014757318157929553,0.0041004151147098575,2025-10-22,377,2026,-0.022316807198922817,-0.008826441471527386,-0.03580717292631825
0.4875609782055578,13.707784760702046,0.015053158397932505,0.004065781105539624,2025-10-23,376,2026,-0.024878043588884347,-0.011501623751658984,-0.038254463426109706
0.4868381451231498,14.803827243274853,0.015711359444722087,0.004083445469293917,2025-10-24,375,2026,-0.026323709753700353,-0.012889174159723366,-0.03975824534767734
0.48718618613088666,15.256826849235193,0.015596892189244201,0.003993061153765586,2025-10-25,374,2026,-0.025627627738226688,-0.01249045654233791,-0.03876479893411547
0.4876426052452964,15.039517467812546,0.01493877009798695,0.0038521030125112194,2025-10-26,373,2026,-0.024714789509407198,-0.012041370598245286,-0.03738820842056911
0.48912047178611456,13.930514904780248,0.014866577932136367,0.00398315702104114,2025-10-27,372,2026,-0.021759056427770873,-0.008654469828545522,-0.034863643026996224
0.4898637333363239,13.11830335395107,0.01523102762703794,0.00420523597551955,2025-10-28,371,2026,-0.020272533327352238,-0.006437306967892917,-0.03410775968681156
0.4907686083766151,12.573505256581738,0.01540219809551968,0.004343646972059071,2025-10-29,370,2026,-0.018462783246769754,-0.00417218470869541,-0.0327533817848441
0.4917534368541636,12.3908383856139,0.015684120608633757,0.004455637260087774,2025-10-30,369,2026,-0.016493126291672766,-0.001834079705983989,-0.031152172877361543
0.4925755346010066,12.861819543606714,0.01650350440606119,0.004601770624915492,2025-10-31,368,2026,-0.01484893079798677,2.9089455798519785e-4,-0.02998875615395874
0.492326626901333,14.210004507665982,0.01673030129238118,0.00443819780505178,2025-11-01,367,2026,-0.015346746197334005,-7.450754187136484e-4,-0.02994841697595436
0.49250702220318965,15.010638943920538,0.016358332600936557,0.004222206253896957,2025-11-02,366,2026,-0.014985955593620703,-0.0010948970182997134,-0.028877014168941693
0.4924496334481331,15.689271928242551,0.01615363134753411,0.004078202365267459,2025-11-03,365,2026,-0.015100733103733832,-0.0016834473220038917,-0.02851801888546377
0.49220476049317174,16.183161661719044,0.015818057095970544,0.003932071918194155,2025-11-04,364,2026,-0.01559047901365651,-0.0026539624027977406,-0.02852699562451528
0.4919735552322085,16.68398096652816,0.015493272692003337,0.0037930915238338367,2025-11-05,363,2026,-0.016052889535583037,-0.0035736184221697147,-0.028532160648996358
0.49081273292777977,16.275713733375884,0.015555117847899529,0.003855700434833986,2025-11-06,362,2026,-0.018374534144440458,-0.005689279713836643,-0.031059788575044274
0.48981573978601356,16.02556065603484,0.015891894779122513,0.0039698039978770215,2025-11-07,361,2026,-0.02036852042797288,-0.007307865274957479,-0.033429175580988284
0.48890662559734316,15.67781362576395,0.016244226331486696,0.004102572676214385,2025-11-08,360,2026,-0.022186748805313683,-0.008689284700568355,-0.03568421291005901
0.48812088762445566,14.83013851253786,0.016320254992371393,0.004237935438951694,2025-11-09,359,2026,-0.023758224751088686,-0.00981541715693761,-0.03770103234523976
0.4865509410482541,14.280582938292586,0.01684100027180756,0.004456510303355912,2025-11-10,358,2026,-0.026898117903491836,-0.012236199005450886,-0.041560036801532786
0.4860296830972532,14.883632484705632,0.016857194371119395,0.00436949076345372,2025-11-11,357,2026,-0.02794063380549361,-0.013565009193730871,-0.04231625841725635
0.4853665365717368,15.91808487292269,0.01668391175563508,0.0041816961804838956,2025-11-12,356,2026,-0.029266926856526432,-0.015509146422734415,-0.043024707290318445
0.4833615312235654,16.732418509130643,0.018159801735989956,0.004439476315857258,2025-11-13,355,2026,-0.0332769375528692,-0.01867106047369882,-0.04788281463203958
0.48117452095053054,17.97634831838755,0.019658002885508667,0.004636482844496892,2025-11-14,354,2026,-0.037650958098938925,-0.02239692954054415,-0.0529049866573337
0.479843534485233,18.989976234462095,0.02068385418909731,0.004746453788500879,2025-11-15,353,2026,-0.04031293102953404,-0.024697098065366147,-0.05592876399370193
0.47905487187516266,18.95365288194616,0.02151913733325712,0.004942860979266437,2025-11-16,352,2026,-0.041890256249674684,-0.025628243627888105,-0.058152268871461264
0.47821813167319105,18.96202054448766,0.021996376148713862,0.005051365937071874,2025-11-17,351,2026,-0.0435637366536179,-0.02694474272065144,-0.06018273058658437
0.4787091562662431,19.200535849255267,0.020839984211253583,0.004755987571204805,2025-11-18,350,2026,-0.042581687467513785,-0.026934488358249974,-0.05822888657677759
0.4793634951931191,19.38832633581447,0.0199615108350834,0.004533391733206379,2025-11-19,349,2026,-0.04127300961376179,-0.026358150811512805,-0.056187868416010776
0.479932082558199,18.57829368341348,0.01880651456782032,0.004363202835134491,2025-11-20,348,2026,-0.04013583488360195,-0.025780897556009475,-0.05449077221119443
0.4798655772534745,18.67481738001592,0.017982505859891067,0.004161232949966146,2025-11-21,347,2026,-0.040268845493050986,-0.026578389087662368,-0.0539593018984396
0.4799600931239338,18.31257003625233,0.017726855753264915,0.004142447961918123,2025-11-22,346,2026,-0.04007981375213243,-0.026451159957421807,-0.05370846754684305
0.4806119367102706,17.086279993773864,0.017082249892836583,0.004132580397580885,2025-11-23,345,2026,-0.038776126579458836,-0.025179937071417725,-0.05237231608749995
0.48162824524420994,14.784215855132295,0.016244790012749772,0.004224885606576921,2025-11-24,344,2026,-0.03674350951158012,-0.022843635865942048,-0.05064338315721819
0.48230626991162023,13.59907060578592,0.015903506961046733,0.004312591166512726,2025-11-25,343,2026,-0.03538746017675953,-0.021199035238932663,-0.0495758851145864
0.4827216405514145,12.520592973832684,0.015564735076293532,0.004398750045220979,2025-11-26,342,2026,-0.034556718897171046,-0.020084831248394025,-0.04902860654594807
0.4831293429142693,11.366226604279683,0.015221234546647713,0.004514833335770609,2025-11-27,341,2026,-0.03374131417146142,-0.018887512496776122,-0.04859511584614672
0.48296243909940917,11.013994788291262,0.015266679602993532,0.004600151744951854,2025-11-28,340,2026,-0.03407512180118166,-0.01894062256029006,-0.049209621042073264
0.48241371108029674,11.681463820652455,0.015505852056120912,0.004536772500866823,2025-11-29,339,2026,-0.03517257783940653,-0.020246596311554677,-0.05009855936725838
0.4823538851444188,12.140875336030545,0.015233987135170251,0.004372084878427293,2025-11-30,338,2026,-0.035292229711162415,-0.020908070461136623,-0.04967638896118821
0.4826448780408712,11.14532833818352,0.014568188343737727,0.004363742485648452,2025-12-01,337,2026,-0.03471024391825761,-0.020353531140474203,-0.04906695669604102
0.4829234941575684,10.151474221897889,0.01391163572854546,0.004366300676549556,2025-12-02,336,2026,-0.03415301168486318,-0.019787882459015138,-0.048518140910711216
0.4831902704241956,9.157920951004506,0.013263710511975318,0.0043829507369819104,2025-12-03,335,2026,-0.0336194591516088,-0.019199551226938314,-0.04803936707627929
0.48419189480025393,8.355953488851593,0.013517539850099495,0.004676270785447211,2025-12-04,334,2026,-0.03161621039949214,-0.016231279515370813,-0.04700114128361346
0.4849614862460223,7.663788543491033,0.01401903721326952,0.005064031889756753,2025-12-05,333,2026,-0.03007702750795538,-0.013416362590655661,-0.04673769242525509
0.48559642060115943,8.218236623875608,0.014880260254750467,0.005190643551145773,2025-12-06,332,2026,-0.028807158797681143,-0.011729941514411549,-0.04588437608095074
0.48570050366035156,8.188607889122665,0.015016364284286982,0.005247588330676629,2025-12-07,331,2026,-0.028598992679296886,-0.011334427071370775,-0.045863558287222994
0.48580680780360047,8.498578932391185,0.015062046987278649,0.005166671406882569,2025-12-08,330,2026,-0.028386384392799058,-0.011388035464155406,-0.04538473332144271
0.4851749887117769,8.618236008495588,0.014208275993403659,0.00483985324553472,2025-12-09,329,2026,-0.029650022576446222,-0.013726905398636993,-0.04557313975425545
0.48463394674853505,8.644174634860798,0.013430781481562432,0.004568141176248617,2025-12-10,328,2026,-0.0307321065029299,-0.015702922033071953,-0.045761290972787846
0.4840890691577249,9.044010982631898,0.012615954249269862,0.004195073408713785,2025-12-11,327,2026,-0.031821861684550146,-0.018020070169881795,-0.045623653199218496
0.48403212926504546,10.196383288690509,0.01238238147025602,0.003877761577490009,2025-12-12,326,2026,-0.031935741469909074,-0.01917790587996694,-0.044693577059851206
0.48397923780025814,11.002337766443866,0.01223731553092391,0.003689297448042858,2025-12-13,325,2026,-0.03204152439948371,-0.01990373579542271,-0.04417931300354472
0.48409860213808587,11.850611400927042,0.0119796740658881,0.003479962977792625,2025-12-14,324,2026,-0.03180279572382827,-0.02035371752689053,-0.04325187392076601
0.48390565237794625,13.843756945622125,0.01156538112824644,0.003108371843073353,2025-12-15,323,2026,-0.0321886952441075,-0.021962151880396172,-0.04241523860781883
0.4835012161940909,13.853179461066144,0.011025398863454328,0.002962235481820676,2025-12-16,322,2026,-0.03299756761181816,-0.023251812876628135,-0.04274332234700818
0.4831153431810887,13.71146415682198,0.010709602861224306,0.002892220832924852,2025-12-17,321,2026,-0.03376931363782265,-0.024253907097499888,-0.043284720178145414
0.4827341965643954,13.574390650059984,0.01039004560195193,0.0028200530745826177,2025-12-18,320,2026,-0.03453160687120915,-0.02525363225583234,-0.043809581486585966
0.4827340868343205,12.964211235362587,0.010259732695711284,0.0028494628327592826,2025-12-19,319,2026,-0.034531826331358983,-0.025157093611580944,-0.04390655905113702
0.4830330235466851,11.2147167441311,0.010280030806810935,0.003069730588027989,2025-12-20,318,2026,-0.033933952906629816,-0.023834539272017733,-0.0440333665412419
0.48349680866797085,11.468878461765291,0.010316287715794773,0.0030462319626331177,2025-12-21,317,2026,-0.03300638266405831,-0.022984279506995352,-0.043028485821121266
0.4839756414636496,11.792813404434959,0.010242203170257525,0.0029825289859198535,2025-12-22,316,2026,-0.03204871707270085,-0.022236196709024533,-0.041861237436377166
0.48444314500286306,12.111150697018795,0.010166891484838408,0.0029214299965183545,2025-12-23,315,2026,-0.031113709994273875,-0.021502205305728488,-0.04072521468281926
0.4843497147053927,12.850323103997919,0.01001426937076971,0.002793587285372141,2025-12-24,314,2026,-0.03130057058921465,-0.022109668420340303,-0.040491472758088995
0.48426338232336286,13.575862115921373,0.00986659644939036,0.002677834030846347,2025-12-25,313,2026,-0.03147323535327429,-0.022663161391789803,-0.04028330931475877
0.4842503473768237,13.904449399537366,0.009888910434073245,0.0026519879440239794,2025-12-26,312,2026,-0.03149930524635258,-0.022774264910513688,-0.04022434558219148
0.48424703122024737,14.128721834014721,0.009931489331176456,0.0026421832983056794,2025-12-27,311,2026,-0.03150593755950526,-0.022813154508079574,-0.040198720610930945
0.4839286382925042,12.16033469206055,0.00961225317898756,0.0027564647122774954,2025-12-28,310,2026,-0.03214272341499158,-0.023073954511598622,-0.04121149231838454
0.4835874087114048,10.230606204699399,0.009289997777692875,0.002904456831559762,2025-12-29,309,2026,-0.03282518257719036,-0.023269519601358743,-0.042380845553021976
0.4832580591150047,8.305696895427255,0.008974048292807561,0.0031138691817133722,2025-12-30,308,2026,-0.03348388176999062,-0.023239252162153626,-0.043728511377827614
0.4829390467313768,6.385180327335146,0.008663881258744465,0.0034286717413600605,2025-12-31,307,2026,-0.03412190653724645,-0.02284157650817185,-0.045402236566321044
0.4814859465500453,4.637491292195355,0.010667342797421233,0.0049535288632913945,2026-01-01,306,2026,-0.03702810689990943,-0.02073099693968074,-0.05332521686013812
0.48041275240307424,5.078124345674755,0.01294549153260474,0.005744693724801218,2026-01-02,305,2026,-0.03917449519385152,-0.020274452839255514,-0.05807453754844753
0.4794185921001636,5.47674338984674,0.015149860650914003,0.006473623562458063,2026-01-03,304,2026,-0.04116281579967285,-0.01986459427918582,-0.062461037320159875
0.47918651061900863,6.228992321880741,0.016851858241833315,0.006752100524682028,2026-01-04,303,2026,-0.041626978761982736,-0.019412568035778864,-0.0638413894881866
0.47855599609803456,7.176892945237936,0.018501625563383476,0.006906239791271295,2026-01-05,302,2026,-0.04288800780393087,-0.020166478890648314,-0.06560953671721342
0.47908082484549125,7.952254860136402,0.017806680520711528,0.006314483339887669,2026-01-06,301,2026,-0.0418383503090175,-0.02106370012078707,-0.06261300049724794
0.47956302009566526,8.725996498753968,0.017168092364110592,0.005811851699717438,2026-01-07,300,2026,-0.04087395980866948,-0.021752967716599108,-0.05999495190073985
0.48040541972899903,9.508166532369957,0.01620029630771625,0.005253812484137172,2026-01-08,299,2026,-0.039189160542001944,-0.021904117469190645,-0.05647420361481324
0.480471205170038,9.959652028568136,0.015718289582537567,0.0049806176470173855,2026-01-09,298,2026,-0.03905758965992401,-0.02267135760123681,-0.0554438217186112
0.4809233055234643,10.233950900778183,0.015272294338749715,0.004774002267945094,2026-01-10,297,2026,-0.03815338895307141,-0.02244692149153205,-0.053859856414610774
0.48170363574241754,10.399154114252665,0.014674383468788835,0.004550518209373377,2026-01-11,296,2026,-0.03659272851516493,-0.02162152360632652,-0.05156393342400334
0.48209243116706274,11.189912347710662,0.013870652066061645,0.004146517815082548,2026-01-12,295,2026,-0.03581513766587452,-0.022173094054252936,-0.0494571812774961
0.4820449166797609,12.339101703004737,0.013337950208835663,0.0037970587771805034,2026-01-13,294,2026,-0.03591016664047819,-0.023417843263554335,-0.048402490017402044
0.4819988042212177,13.52268622297424,0.01281212103950395,0.0034840914633810513,2026-01-14,293,2026,-0.03600239155756457,-0.024539730643040915,-0.04746505247208823
0.4819591888492235,14.697916657492065,0.012300372036665069,0.003208413662722217,2026-01-15,292,2026,-0.036081622301552985,-0.025525941351196887,-0.04663730325190908
0.4815747459036406,15.99534341488633,0.011974133661674114,0.002993969124374375,2026-01-16,291,2026,-0.036850508192718845,-0.027000349773527152,-0.04670066661191054
0.4813165696620085,16.61570805022883,0.01184797288512239,0.0029065956900437675,2026-01-17,290,2026,-0.03736686067598305,-0.027804160855739054,-0.04692956049622704
0.4817558340595096,16.023225777198157,0.011725827348408071,0.0029293314831077204,2026-01-18,289,2026,-0.03648833188098077,-0.026850831301556376,-0.04612583246040517
0.4806791482651627,13.897368865777548,0.012123576772934295,0.003252104367145101,2026-01-19,288,2026,-0.03864170346967455,-0.027942280101767168,-0.04934112683758193
0.47923986223586945,12.039003342098091,0.01255401098173294,0.0036181555733726047,2026-01-20,287,2026,-0.0415202755282611,-0.029616543691865227,-0.05342400736465697
0.47783273507025903,10.187804828417988,0.01297323377658562,0.004064507562006597,2026-01-21,286,2026,-0.04433452985948194,-0.030962299980480237,-0.057706759738483646
0.47614206386449015,8.788183529915262,0.013523108001834488,0.004561702489286319,2026-01-22,285,2026,-0.0477158722710197,-0.032707871081267714,-0.06272387346077168
0.47381305509943056,8.247199958620358,0.014195819906984916,0.004943189035339926,2026-01-23,284,2026,-0.052373889801138884,-0.03611079787487052,-0.06863698172740725
0.4735459739965417,8.053283017922586,0.013903555742230993,0.004899360556436781,2026-01-24,283,2026,-0.05290805200691662,-0.036789155776239604,-0.06902694823759363
0.4741891175563732,7.999787460284244,0.013629271515379099,0.004818739166844566,2026-01-25,282,2026,-0.05162176488725356,-0.03576811302833494,-0.06747541674617219
0.47450873497642,8.240765725062243,0.01282540556756075,0.004467734156771565,2026-01-26,281,2026,-0.050982530047160024,-0.03628368467138158,-0.06568137542293848
0.4757014403548648,8.306574932008633,0.0119813800605275,0.004157151492051036,2026-01-27,280,2026,-0.04859711929027044,-0.03492009088142253,-0.06227414769911835
0.4766294331917986,8.823471336656434,0.011121517859262882,0.0037440731395328593,2026-01-28,279,2026,-0.04674113361640275,-0.03442313298733964,-0.05905913424546586
0.47707077098635525,10.632755878529647,0.010679847690735466,0.0032752325214614286,2026-01-29,278,2026,-0.045858458027289495,-0.03508294303168139,-0.0566339730228976
0.47691737834589953,12.076072972546736,0.010207495729424042,0.0029373543596123335,2026-01-30,277,2026,-0.04616524330820093,-0.036501347465076356,-0.05582913915132551
0.47705340875887503,13.191109111060934,0.010273815065740769,0.0028287273374658735,2026-01-31,276,2026,-0.04589318248224994,-0.036586669541987214,-0.055199695422512664
0.47700540665927815,14.332211563948617,0.010269596617968887,0.0027126688478181183,2026-02-01,275,2026,-0.045989186681443694,-0.037064506172122084,-0.054913867190765304
0.4771767745156901,15.086157395103827,0.010269018953708318,0.0026438672075423542,2026-02-02,274,2026,-0.045646450968619745,-0.036948127855805396,-0.054344774081434094
0.47728947924565407,15.651944587866529,0.010297659765241654,0.0026028814467432848,2026-02-03,273,2026,-0.04542104150869186,-0.03685756154890646,-0.053984521468477265
0.4775389114457646,16.092898943834026,0.010193967867925204,0.0025411255230735233,2026-02-04,272,2026,-0.044922177108470795,-0.0365618741375589,-0.05328248007938269
0.47774436989901825,16.718014441524733,0.010072766060949975,0.002463521742375693,2026-02-05,271,2026,-0.0445112602019635,-0.03640627366954747,-0.05261624673437953
0.4777856216191866,17.09822425413145,0.009969417528381083,0.002410983735387402,2026-02-06,270,2026,-0.04442875676162683,-0.03649662027220228,-0.05236089325105138
0.4778318479944717,17.401422431307363,0.009887001069554946,0.002370130211479711,2026-02-07,269,2026,-0.04433630401105659,-0.036538575615288345,-0.05213403240682484
0.4781312409699771,17.417734022864213,0.009784987650545056,0.002344576753774802,2026-02-08,268,2026,-0.04373751806004578,-0.03602386054012668,-0.051451175579964877
0.47820523732770503,17.701385470417506,0.009728961880659597,0.002312399527816844,2026-02-09,267,2026,-0.04358952534458993,-0.03598173089807251,-0.05119731979110735
0.4776666036260819,17.667540561528664,0.00991419263743355,0.0023586815214193656,2026-02-10,266,2026,-0.04466679274783625,-0.03690673054236653,-0.052426854953305964
0.4771610900650987,17.725348025235313,0.010084353857616407,0.0023952491297835206,2026-02-11,265,2026,-0.04567781986980257,-0.03779745023281479,-0.05355818950679035
0.47693936442770113,17.41958671708412,0.011064722196042301,0.002651072415896292,2026-02-12,264,2026,-0.04612127114459774,-0.03739924289629894,-0.05484329939289655
0.476476900827228,17.535521530647486,0.012024535266469969,0.0028715009014658737,2026-02-13,263,2026,-0.04704619834554402,-0.0375989603797213,-0.056493436311366746
0.476155262517392,17.553514379956265,0.013010509474723035,0.0031053622097335642,2026-02-14,262,2026,-0.04768947496521603,-0.037472833295192604,-0.05790611663523945
0.4764961344079264,17.80841097795798,0.013739386442956946,0.0032557777744426936,2026-02-15,261,2026,-0.04700773118414725,-0.03629622230623079,-0.05771924006206371
0.47677341924843,18.5267569136549,0.014371419523952343,0.003338873503340561,2026-02-16,260,2026,-0.04645316150314005,-0.035468267677149605,-0.057438055329130495
0.4769429300537933,19.816272411228336,0.01414898218835883,0.003178441466532605,2026-02-17,259,2026,-0.04611413989241342,-0.03565706746752115,-0.05657121231730569
0.4748271551832802,17.63633484065834,0.014689990510263647,0.0034979802042817715,2026-02-18,258,2026,-0.05034568963343955,-0.038837334761352524,-0.061854044505526576
0.4727738578541122,15.387617913955582,0.01524825945721295,0.003887179325014186,2026-02-19,257,2026,-0.05445228429177562,-0.04166346431247895,-0.0672411042710723
0.4704418428886028,13.257330287072069,0.015856105760716006,0.004354802823133932,2026-02-20,256,2026,-0.0591163142227944,-0.044789012934683764,-0.07344361551090503
0.4682105018443087,10.594782207096298,0.016560436315535304,0.005087749943525088,2026-02-21,255,2026,-0.06357899631138264,-0.0468402989971851,-0.08031769362558018
0.4662922064263314,8.464800575107132,0.016956296586749017,0.0058280415437735045,2026-02-22,254,2026,-0.0674155871473372,-0.048241330468322366,-0.08658984382635203
0.4673843033871703,9.386551466622887,0.016409132500892813,0.005355901594664137,2026-02-23,253,2026,-0.0652313932256594,-0.047610476979214396,-0.08285230947210442
0.46840933233859233,10.300637971443276,0.015875391689005324,0.004946435922811683,2026-02-24,252,2026,-0.06318133532281534,-0.0469075611367649,-0.07945510950886578
0.46971033600296397,11.029499906963945,0.01531863705907738,0.004612561991182684,2026-02-25,251,2026,-0.06057932799407206,-0.04540399904308103,-0.07575465694506309
0.4709409269765118,12.070556171192992,0.014847511948354628,0.004273562331994765,2026-02-26,250,2026,-0.058118146046976404,-0.044058125974713626,-0.07217816611923918
0.47201504063479655,12.772001561086206,0.01475993383435979,0.0041300463838052125,2026-02-27,249,2026,-0.05596991873040691,-0.04238206612768776,-0.06955777133312606
0.47219219228649245,13.967436413463416,0.014951608827200324,0.004000640938736203,2026-02-28,248,2026,-0.0556156154270151,-0.04245350673857299,-0.06877772411545721
0.47236587548347075,15.143402559059009,0.01513352549673655,0.0038889143570646034,2026-03-01,247,2026,-0.05526824903305849,-0.04247372079831595,-0.06806277726780104
0.47255779546037724,16.44578195701169,0.015266766638646085,0.003764608367712041,2026-03-02,246,2026,-0.05488440907924552,-0.042498847549472904,-0.06726997060901814
0.47266146725737324,17.076919787630157,0.014985936781096176,0.003626428564759775,2026-03-03,245,2026,-0.05467706548525353,-0.04274611550719387,-0.06660801546331319
0.47274427294780097,17.39385337975999,0.014975932484991992,0.0035908393113011014,2026-03-04,244,2026,-0.05451145410439806,-0.04269759277021744,-0.06632531543857868
0.4733473593210352,17.695688561560353,0.014997532440933535,0.0035652178882572653,2026-03-05,243,2026,-0.05330528135792956,-0.041575714505563154,-0.06503484821029595
0.47392873400809854,18.067730257435958,0.015018771485883937,0.003533317060478608,2026-03-06,242,2026,-0.05214253198380292,-0.0405179188548283,-0.06376714511277753
0.47447421587629335,18.437871557442733,0.015061484485262023,0.003507618775906324,2026-03-07,241,2026,-0.051051568247413304,-0.0395115024746815,-0.06259163402014511
0.47517769445683034,19.035773191226035,0.015270696400768488,0.0035000446297606485,2026-03-08,240,2026,-0.04964461108633933,-0.038129464254426794,-0.061159757918251866
0.4756947854653654,17.663315750492934,0.014801308631125602,0.0035217943973209504,2026-03-09,239,2026,-0.048610429069269157,-0.03702372550208323,-0.060197132636455083
0.4757213764077066,16.35380939943687,0.01417940873477158,0.003506296641579769,2026-03-10,238,2026,-0.04855724718458676,-0.03702153123378932,-0.0600929631353842
0.47576043448204963,15.008928578172531,0.013577204964575967,0.0035045763734194283,2026-03-11,237,2026,-0.048479131035900735,-0.03694907476735082,-0.06000918730445065
0.47580353294621364,13.553221493564498,0.013011590108032071,0.0035343463465275222,2026-03-12,236,2026,-0.04839293410757273,-0.03676493462749718,-0.060020933587648276
0.47577247366255876,12.234671603343228,0.012622150797179802,0.0036085872143187636,2026-03-13,235,2026,-0.04845505267488248,-0.03658280073977375,-0.060327304609991216
0.4756105982622333,12.827497419538535,0.012610169603999287,0.0035208697547739836,2026-03-14,234,2026,-0.04877880347553343,-0.03719514198232702,-0.060362464968739836
0.4753019370437293,13.067508058100563,0.013185797630895718,0.003647623607698914,2026-03-15,233,2026,-0.04939612591254139,-0.037395444243211964,-0.06139680758187081
0.4747372914082094,12.264362686837728,0.013297153860069641,0.0037969615684138613,2026-03-16,232,2026,-0.05052541718358117,-0.03803341362349956,-0.06301742074366277
0.47354668620061763,11.861561597003051,0.013639428866613908,0.003960274149438407,2026-03-17,231,2026,-0.052906627598764744,-0.03987732564711238,-0.0659359295504171
0.4729131373726253,12.00034614084248,0.014082076777122778,0.0040650867805763985,2026-03-18,230,2026,-0.054173725254749394,-0.04079958974665304,-0.06754786076284575
0.4723924760610626,12.340509945207069,0.01443289614218457,0.004108534454088753,2026-03-19,229,2026,-0.05521504787787479,-0.041697969523922795,-0.06873212623182678
0.472267623564856,12.566655737311109,0.014036236364008244,0.003959504255332785,2026-03-20,228,2026,-0.05546475287028796,-0.0424379838702431,-0.06849152187033282
0.4724059989578249,13.805946802765312,0.014090893266149877,0.003792323938388288,2026-03-21,227,2026,-0.05518800208435015,-0.04271125632705269,-0.06766474784164762
0.4731781118832453,14.618271790543071,0.013902737300312643,0.0036362379953949644,2026-03-22,226,2026,-0.053643776233509355,-0.04168055322865992,-0.06560699923835879
0.47331360854388943,15.542606994946786,0.014038131857982656,0.0035607983865872444,2026-03-23,225,2026,-0.05337278291222114,-0.041657756220349104,-0.06508780960409317
0.473046399977177,16.30026122789734,0.014245029667832804,0.003528304640143949,2026-03-24,224,2026,-0.053907200045645975,-0.04229907777957238,-0.06551532231171957
0.4726788297970105,17.312534440908426,0.014653292312390088,0.0035217205217433134,2026-03-25,223,2026,-0.05464234040597904,-0.04305587988944354,-0.06622880092251454
0.4723266882685025,18.59616676587108,0.014995790020894196,0.00347742389855256,2026-03-26,222,2026,-0.055346623462995015,-0.04390589883675709,-0.06678734808923294
0.4719880742894451,19.883404635644926,0.015332297910508047,0.003438443351990038,2026-03-27,221,2026,-0.05602385142110977,-0.044711372793062545,-0.067336330049157
0.47174681354512527,20.486752715527327,0.015229749829394576,0.003364776380876505,2026-03-28,220,2026,-0.05650637290974947,-0.04543625861666577,-0.06757648720283317
0.47181329119520876,21.034694254691512,0.015131393847733371,0.0032992166364338663,2026-03-29,219,2026,-0.05637341760958248,-0.045518994875715056,-0.06722784034344989
0.47171747005105447,21.596087364224918,0.014866895201873101,0.0031991362890272878,2026-03-30,218,2026,-0.05656505989789107,-0.04603990150699129,-0.06709021828879085
0.47162298294037963,21.920469888752212,0.014673423054699573,0.003134054246480099,2026-03-31,217,2026,-0.05675403411924074,-0.04644299564832121,-0.06706507259016026
0.4715308689200708,22.266190676137022,0.014488784284438547,0.003070499171879326,2026-04-01,216,2026,-0.05693826215985842,-0.046836319884375435,-0.06704020443534141
0.4714399496548371,22.632810067121632,0.01431186304753343,0.0030083400971755167,2026-04-02,215,2026,-0.057120100690325804,-0.04722266177061835,-0.06701753961003326
0.47128319980462097,20.583642610896284,0.013823774145954213,0.0030469513030042515,2026-04-03,214,2026,-0.057433600390758066,-0.047409130603874076,-0.06745807017764205
0.4712828646726544,18.620383806531866,0.013530407498149339,0.0031355704452266115,2026-04-04,213,2026,-0.0574342706546912,-0.04711824388989565,-0.06775029741948675
0.4712779857810317,16.73041285320371,0.013247345603484938,0.003238735916651257,2026-04-05,212,2026,-0.05744402843793661,-0.04678858727215397,-0.06809946960371925
0.47144034836053633,15.10360482485037,0.013022525590807693,0.003350849423774176,2026-04-06,211,2026,-0.057119303278927336,-0.046095008674710294,-0.06814359788314438
0.4715894921723704,13.552281297871023,0.012802684625512015,0.003477721847846131,2026-04-07,210,2026,-0.05682101565525921,-0.045379310775845436,-0.06826272053467299
0.4717918326193811,14.499656148250418,0.012906383566382537,0.003389422562917512,2026-04-08,209,2026,-0.05641633476123775,-0.04526513452923914,-0.06756753499323637
0.4721490996667966,12.828606529031587,0.012257345705420614,0.0034222102885060747,2026-04-09,208,2026,-0.05570180066640684,-0.04444272881722186,-0.06696087251559182
0.47249134557404254,11.031340515811735,0.011620365323907613,0.0034986913914151568,2026-04-10,207,2026,-0.055017308851914914,-0.04350661417415905,-0.06652800352967078
0.4726476538652581,8.928072816086061,0.01094786627680882,0.0036639591434502916,2026-04-11,206,2026,-0.05470469226948382,-0.042650266687532364,-0.06675911785143529
0.4730414907815283,6.9098727314558985,0.010201591843319776,0.0038809041754288513,2026-04-12,205,2026,-0.05391701843694341,-0.041148843699782486,-0.06668519317410433
0.47274024687098887,5.05361461669992,0.010355975915737014,0.004606700434188099,2026-04-13,204,2026,-0.054519506258022266,-0.03936346182954342,-0.06967555068650111
0.47209444981172194,5.87545129900861,0.011111359562242648,0.004584020869280656,2026-04-14,203,2026,-0.05581110037655612,-0.04072967171662276,-0.07089252903648949
0.4719983963692092,6.241639622284067,0.011558792438369648,0.004626612429056926,2026-04-15,202,2026,-0.05600320726158159,-0.0407816523699843,-0.07122476215317887
0.47111470159588265,6.8899614724739235,0.012516391359155814,0.004768378678439702,2026-04-16,201,2026,-0.05777059680823471,-0.042082630956168085,-0.07345856266030133
0.47000675935408226,7.344951869977346,0.013533121334145505,0.004993482111962079,2026-04-17,200,2026,-0.05998648129183548,-0.04355792514348024,-0.07641503744019072
0.46992389571781223,7.706940258705296,0.013506098618396325,0.004865068060403891,2026-04-18,199,2026,-0.06015220856437553,-0.04414613464564673,-0.07615828248310433
0.47057917290817874,8.214592868414206,0.013580655014580077,0.00473835609131187,2026-04-19,198,2026,-0.05884165418364251,-0.04325246264322646,-0.07443084572405856
0.4708225629796094,10.039190212274395,0.013568038663690647,0.004282207729440528,2026-04-20,197,2026,-0.05835487404078121,-0.044266410610921875,-0.07244333747064055
0.47184275830534356,11.587338442721776,0.013034524619512005,0.0038291585639846372,2026-04-21,196,2026,-0.056314483389312886,-0.043716551713803425,-0.06891241506482235
0.4728385429233934,13.136902768611256,0.012520871677847706,0.0034545228673885917,2026-04-22,195,2026,-0.05432291415321322,-0.042957533919504756,-0.06568829438692168
0.4735130955962615,14.460278723879515,0.011894693076714662,0.0031279867748351133,2026-04-23,194,2026,-0.05297380880747704,-0.042682732318269516,-0.06326488529668456
0.4736182608445242,15.481033771565277,0.01132112794653019,0.0028773303032804238,2026-04-24,193,2026,-0.05276347831095163,-0.043297061613159035,-0.06222989500874422
0.47357935813768254,15.666996513726364,0.011132833229489419,0.002812631458827661,2026-04-25,192,2026,-0.052841283724634924,-0.04358772622509192,-0.06209484122417793
0.4719241696895362,14.075378364443301,0.0124522273476529,0.003319074511572782,2026-04-26,191,2026,-0.05615166062092758,-0.04523190547785313,-0.06707141576400204
0.47081467737352617,12.936452898322568,0.013645207797397191,0.003793783540206975,2026-04-27,190,2026,-0.05837064525294766,-0.04588909740566671,-0.07085219310022861
0.4697216001104132,11.893590703955963,0.015062989331168026,0.004367718839312683,2026-04-28,189,2026,-0.06055679977917361,-0.046187004797834885,-0.07492659476051233
0.4686587695233381,10.845389875479812,0.016440485203497536,0.004992200807280972,2026-04-29,188,2026,-0.06268246095332375,-0.04625812029736935,-0.07910680160927815
