state,seat_number,r_prob,phi,dem_cond_increase,rep_cond_increase,total_cond_increase
Alabama,1,0.9998,0.00797848890280241,0.24139999999999995,4.8289657931577246e-5,0.24144828965793153
Alabama,2,0.4866,0.36390209353404745,0.15160646669263722,0.15995635018495685,0.3115628168775941
Alabama,3,1,NA,NA,0,NA
Alabama,4,1,NA,NA,0,NA
Alabama,5,0.9962,0.031042165303730763,0.21508421052631577,8.20437663119844e-4,0.2159046481894356
Alabama,6,0.9998,0.00797848890280241,0.24139999999999995,4.8289657931577246e-5,0.24144828965793153
Alabama,7,0,NA,0,NA,NA
Alaska,1,0.7471,0.2803599523437503,0.20620822459470145,0.06980331950207469,0.27601154409677614
Arizona,1,0.2701,0.2752421186665396,0.07165071927661315,0.19362406516105146,0.2652747844376646
Arizona,2,0.8944,0.18090689685587696,0.22530151515151509,0.02660089445438285,0.25190240960589794
Arizona,3,0,NA,0,NA,NA
Arizona,4,0.0106,0.08993114619613161,0.003983383869011425,0.3718075471698113,0.3757909310388227
Arizona,5,0.909,0.135422294629081,0.1831582417582417,0.018335973597359723,0.2014942153556014
Arizona,6,0.483,0.33998771265229905,0.14062630560928424,0.1505254658385093,0.29115177144779353
Arizona,7,0,NA,0,NA,NA
Arizona,8,0.9109,0.15181951497510787,0.20772996632996632,0.0203191788341201,0.22804914516408642
Arizona,9,0.9983,0.023278561461110424,0.24139999999999995,4.110788340178362e-4,0.24181107883401778
Arkansas,1,1,NA,NA,0,NA
Arkansas,2,0.6878,0.303908712194061,0.19303356822549644,0.08762006397208488,0.2806536321975813
Arkansas,3,0.9911,0.04848001004228792,0.21892808988764034,0.001965957017455361,0.2208940469050957
Arkansas,4,1,NA,NA,0,NA
California,1,0.0458,0.17487067191651595,0.016394760008383913,0.34156943231441045,0.35796419232279436
California,2,1e-4,0.017727990164951933,7.58675867585934e-5,0.7585999999999999,0.7586758675867585
California,3,0.0215,0.15160387818382198,0.00961665815022994,0.4376697674418604,0.44728642559209036
California,4,0,NA,0,NA,NA
California,5,0.9816,0.07027798210412099,0.21966086956521735,0.004117522412387942,0.2237783919776053
California,6,0.0304,0.18322442714411202,0.013883498349834933,0.4428105263157895,0.4566940246656244
California,7,0,NA,0,NA,NA
California,8,0,NA,0,NA,NA
California,9,0.0072,0.09568521635779963,0.0034870265914584975,0.4808222222222222,0.4843092488136807
California,10,0,NA,0,NA,NA
California,11,0,NA,0,NA,NA
California,12,0,NA,0,NA,NA
California,13,0.0789,0.1998345967054379,0.02502827054608614,0.29218681875792146,0.3172150893040076
California,14,0,NA,0,NA,NA
California,15,0,NA,0,NA,NA
California,16,0,NA,0,NA,NA
California,17,0,NA,0,NA,NA
California,18,0,NA,0,NA,NA
California,19,0,NA,0,NA,NA
California,20,1,NA,NA,0,NA
California,21,0.0236,0.14475035906747774,0.009630233510856123,0.39843050847457623,0.40806074198543235
California,22,0.588,0.28465978867880504,0.14552621359223294,0.10196734693877552,0.24749356053100846
California,23,0.9747,0.08344345744787741,0.22163715415019758,0.005752970144659891,0.22739012429485747
California,24,0,NA,0,NA,NA
California,25,0.0147,0.11944209698982541,0.006243194966000121,0.41846394557823124,0.42470714054423137
California,26,0.0054,0.08279081001587604,0.002610536899255944,0.4808222222222222,0.48343275912147815
California,27,0.0113,0.10992596870250966,0.005029007788004414,0.44001592920353977,0.4450449369915442
California,28,0,NA,0,NA,NA
California,29,0,NA,0,NA,NA
California,30,0,NA,0,NA,NA
California,31,0.0013,0.03153064363818485,4.868128567137031e-4,0.3739846153846154,0.3744714282413291
California,32,0,NA,0,NA,NA
California,33,0.0045,0.08776300883324459,0.0025250627825212923,0.5586,0.5611250627825213
California,34,0,NA,0,NA,NA
California,35,0.0059,0.08164466590864464,0.0026916205613116695,0.45351525423728817,0.45620687479859984
California,36,0,NA,0,NA,NA
California,37,0,NA,0,NA,NA
California,38,0.0077,0.08932297144878337,0.003367147032147466,0.4339246753246753,0.4372918223568228
California,39,0.0065,0.09104446128205587,0.003151383995973811,0.48167692307692306,0.48482830707289687
California,40,1,NA,NA,0,NA
California,41,0.0048,0.08254043223431112,0.002453054662379328,0.5085999999999999,0.5110530546623793
California,42,2e-4,0.025072417902509976,1.5175035006997906e-4,0.7585999999999999,0.7587517503500699
California,43,0,NA,0,NA,NA
California,44,0,NA,0,NA,NA
California,45,0.0404,0.16671947404029147,0.014638849520633546,0.3477089108910891,0.3623477604117226
California,46,5e-4,0.029195739651509796,2.7943971985988636e-4,0.5586,0.5588794397198599
California,47,0.0098,0.10518978368236606,0.004478166027065189,0.45247755102040815,0.45695571704747334
California,48,0.1617,0.3577539959556739,0.06723800548729564,0.3485814471243042,0.41581945261159986
California,49,0.0062,0.08047797951932344,0.0027201851479170536,0.4360193548387096,0.4387395399866267
California,50,1e-4,0.017727990164951933,7.58675867585934e-5,0.7585999999999999,0.7586758675867585
California,51,3e-4,0.0037215489557120294,2.7588276482859442e-5,0.09193333333333331,0.09196092160981617
California,52,1e-4,0.017727990164951933,7.58675867585934e-5,0.7585999999999999,0.7586758675867585
Colorado,1,0,NA,0,NA,NA
Colorado,2,0,NA,0,NA,NA
Colorado,3,0.6413,0.30690325108844996,0.1756068580986897,0.09822264150943394,0.27382949960812364
Colorado,4,0.9039,0.14746260919034845,0.19353319458896978,0.020575882287863723,0.2141090768768335
Colorado,5,0.7858,0.26319355254728716,0.2157230625583566,0.058803614151183514,0.2745266767095401
Colorado,6,0,NA,0,NA,NA
Colorado,7,5e-4,0.018742556818889033,1.793896948473206e-4,0.3586,0.3587793896948473
Colorado,8,0.3007,0.3909167029545155,0.1096968682968682,0.2551081476554706,0.3648050159523388
Connecticut,1,0,NA,0,NA,NA
Connecticut,2,0.0018,0.05322592214564702,9.672209977960033e-4,0.5363777777777778,0.5373449987755738
Connecticut,3,7e-4,0.046917932121139906,5.313919743820117e-4,0.7585999999999999,0.759131391974382
Connecticut,4,0,NA,0,NA,NA
Connecticut,5,0.0089,0.08587843417948454,0.0034825345575622,0.3878134831460674,0.3912960177036296
Delaware,1,5e-4,0.029195739651509796,2.7943971985988636e-4,0.5586,0.5588794397198599
Florida,1,0.9996,0.011284415937363906,0.24139999999999995,9.659863945576941e-5,0.24149659863945572
Florida,2,0.8882,0.14748611239045933,0.17789373881932014,0.022391938752533203,0.20028567757185334
Florida,3,0.9761,0.08368031216025096,0.22884769874476985,0.005603380801147417,0.23445107954591726
Florida,4,0.8511,0.1899996300785899,0.19438858294157146,0.034008295147456236,0.2283968780890277
Florida,5,0.9812,0.06431965818321715,0.1988468085106383,0.003809947003668962,0.20265675551430726
Florida,6,0.9978,0.02648816080675683,0.24139999999999995,5.322509520946095e-4,0.24193225095209456
Florida,7,0.8534,0.1895399174432298,0.19569740791268753,0.03361757675181626,0.22931498466450378
Florida,8,0.9696,0.09716334705899758,0.23482105263157893,0.007362376237623758,0.2421834288692027
Florida,9,0.7558,0.26462474206615705,0.19922145782145773,0.06436872188409631,0.26359017970555404
Florida,10,0,NA,0,NA,NA
Florida,11,0.8376,0.21481091367402433,0.20876453201970435,0.040476790830945575,0.24924132285064993
Florida,12,0.8692,0.16823742114124296,0.18558960244648315,0.027928117809479958,0.2135177202559631
Florida,13,0.8313,0.23040896645153294,0.21887480735032594,0.04441739444243953,0.26329220179276547
Florida,14,0.1767,0.361136835141134,0.07159555447588961,0.3335858517260894,0.405181406201979
Florida,15,0.8742,0.16184700786634934,0.18257647058823523,0.026273301304049423,0.20884977189228465
Florida,16,0.7423,0.2741382882589266,0.19910275514163756,0.06912135255287621,0.26822410769451377
Florida,17,0.9792,0.07730411585251223,0.22697692307692308,0.00482140522875818,0.23179832830568126
Florida,18,0.8698,0.17172708092224825,0.18994070660522266,0.02843214532076338,0.21837285192598604
Florida,19,0.9929,0.047702224579342194,0.24139999999999995,0.0017261959915399194,0.24312619599153987
Florida,20,0,NA,0,NA,NA
Florida,21,0.9441,0.12200665038160272,0.21456636851520572,0.012704438089185477,0.2272708066043912
Florida,22,0.4241,0.37601570682049656,0.13808345198819238,0.18750827634991746,0.32559172833810984
Florida,23,0.0065,0.09395239386636249,0.003252038248615974,0.4970615384615385,0.5003135767101545
Florida,24,0,NA,0,NA,NA
Florida,25,0.4094,0.28214834098090047,0.10052631222485597,0.14501914997557402,0.24554546220043
Florida,26,0.9211,0.1364947632180702,0.1995749049429657,0.017095277385734464,0.21667018232870017
Florida,27,0.9233,0.1397567718465766,0.20750169491525416,0.017237495938481506,0.22473919085373567
Florida,28,0.9928,0.04803940034638708,0.24139999999999995,0.0017506849315068462,0.2431506849315068
Georgia,1,0.8509,0.17577778762067978,0.17969644533869877,0.03148753084968858,0.21118397618838736
Georgia,2,0.0053,0.07146730051742592,0.0022324117824469303,0.418977358490566,0.42120977027301293
Georgia,3,0.9976,0.027668754777900366,0.24139999999999995,5.807538091419373e-4,0.24198075380914189
Georgia,4,0,NA,0,NA,NA
Georgia,5,0,NA,0,NA,NA
Georgia,6,0,NA,0,NA,NA
Georgia,7,0.9788,0.08302008311271564,0.24139999999999995,0.005228524724152028,0.24662852472415198
Georgia,8,0.9987,0.020352434461588652,0.24139999999999995,3.1422849704615397e-4,0.2417142284970461
Georgia,9,0.9998,0.00797848890280241,0.24139999999999995,4.8289657931577246e-5,0.24144828965793153
Georgia,10,0.9388,0.11478230036175859,0.19238039215686265,0.012541201533873003,0.20492159369073565
Georgia,11,0.947,0.12823668937138852,0.231966037735849,0.01298225976768741,0.24494829750353642
Georgia,12,0.9184,0.14083206522767572,0.20218431372549017,0.01796411149825783,0.220148425223748
Georgia,13,0,NA,0,NA,NA
Georgia,14,0.9988,0.01280314308349588,0.15806666666666658,1.8990788946735004e-4,0.15825657455613393
Hawaii,1,0,NA,0,NA,NA
Hawaii,2,0,NA,0,NA,NA
Idaho,1,0.9998,0.00797848890280241,0.24139999999999995,4.8289657931577246e-5,0.24144828965793153
Idaho,2,0.9929,0.047702224579342194,0.24139999999999995,0.0017261959915399194,0.24312619599153987
Illinois,1,0,NA,0,NA,NA
Illinois,2,0,NA,0,NA,NA
Illinois,3,0,NA,0,NA,NA
Illinois,4,0,NA,0,NA,NA
Illinois,5,0,NA,0,NA,NA
Illinois,6,0.0159,0.10950484154278142,0.005956447515496288,0.368662893081761,0.37461934059725727
Illinois,7,0,NA,0,NA,NA
Illinois,8,0.0278,0.15335896008703137,0.011097593087841973,0.3880964028776978,0.3991939959655398
Illinois,9,0,NA,0,NA,NA
Illinois,10,0,NA,0,NA,NA
Illinois,11,0.0043,0.07721081535102234,0.0021713166616450508,0.5027860465116278,0.5049573631732729
Illinois,12,1,NA,NA,0,NA
Illinois,13,0.0032,0.05906471947989518,0.0014321027287318433,0.4461,0.44753210272873184
Illinois,14,0.0118,0.10715107899896316,0.005010605140659763,0.4196169491525424,0.42462755429320215
Illinois,15,1,NA,NA,0,NA
Illinois,16,0.9811,0.07314720304054631,0.22552698412698402,0.004344572418713694,0.22987155654569771
Illinois,17,0.0161,0.1172206061781106,0.006416769996950844,0.3921403726708074,0.39855714266775827
Indiana,1,0.0378,0.18104069692632477,0.015355518603200946,0.3908751322751323,0.40623065087833327
Indiana,2,0.9956,0.03397061924966805,0.21867272727272724,9.664122137404418e-4,0.21963913948646768
Indiana,3,0.9991,0.016930858844165626,0.24139999999999995,2.1745571013911946e-4,0.24161745571013907
Indiana,4,0.9985,0.02186421093804246,0.24139999999999995,3.626439659489278e-4,0.24176264396594888
Indiana,5,0.9509,0.11412532209072951,0.21492342158859468,0.011097633820591035,0.2260210554091857
Indiana,6,0.9987,0.020352434461588652,0.24139999999999995,3.1422849704615397e-4,0.2417142284970461
Indiana,7,0,NA,0,NA,NA
Indiana,8,1,NA,NA,0,NA
Indiana,9,0.999,0.01784758543561048,0.24139999999999995,2.4164164164164337e-4,0.2416416416416416
Iowa,1,0.4987,0.3884451066826445,0.16579656892080585,0.1666609584920794,0.33245752741288526
Iowa,2,0.5281,0.3750288784639001,0.16977465564738292,0.15170736602916113,0.32148202167654405
Iowa,3,0.4098,0.4080397540588243,0.14550030498136224,0.20955168374816985,0.3550519887295321
Iowa,4,0.9959,0.03619480788931031,0.24139999999999995,9.938146400240988e-4,0.24239381464002405
Kansas,1,0.9982,0.02395464193015551,0.24139999999999995,4.35303546383492e-4,0.24183530354638344
Kansas,2,0.9507,0.110109132332589,0.20691724137931033,0.010730009466708712,0.21764725084601905
Kansas,3,0.0073,0.07515416492451964,0.0027579127631710554,0.3750383561643836,0.37779626892755463
Kansas,4,0.9857,0.06007197715580231,0.21342797202797192,0.003096297047783303,0.21652426907575523
Kentucky,1,1,NA,NA,0,NA
Kentucky,2,0.9999,0.005641361489348005,0.24139999999999995,2.4142414241423715e-5,0.24142414241424137
Kentucky,3,0,NA,0,NA,NA
Kentucky,4,0.9997,0.009772102080227165,0.24139999999999995,7.244173251974573e-5,0.2414724417325197
Kentucky,5,1,NA,NA,0,NA
Kentucky,6,0.7615,0.2712826063747802,0.20743773584905656,0.06496900853578463,0.2724067443848412
Louisiana,1,1,NA,NA,0,NA
Louisiana,2,0,NA,0,NA,NA
Louisiana,3,1,NA,NA,0,NA
Louisiana,4,1,NA,NA,0,NA
Louisiana,5,0.9988,0.019553007636161357,0.24139999999999995,2.90028033640366e-4,0.24169002803364031
Louisiana,6,0.9591,0.10469225531745971,0.2169501222493887,0.009251652590970716,0.22620177484035942
Maine,1,1e-4,0.017727990164951933,7.58675867585934e-5,0.7585999999999999,0.7586758675867585
Maine,2,0.3331,0.27363080710629645,0.08275552556605181,0.16568495947163014,0.24844048503768196
Maryland,1,0.9876,0.06320952338399952,0.24139999999999995,0.003030943701903599,0.24443094370190355
Maryland,2,2e-4,0.025072417902509976,1.5175035006997906e-4,0.7585999999999999,0.7587517503500699
Maryland,3,0,NA,0,NA,NA
Maryland,4,0,NA,0,NA,NA
Maryland,5,0,NA,0,NA,NA
Maryland,6,0.0106,0.11503143667298228,0.00509516878916505,0.47558113207547165,0.4806763008646367
Maryland,7,0,NA,0,NA,NA
Maryland,8,0,NA,0,NA,NA
Massachusetts,1,0,NA,0,NA,NA
Massachusetts,2,0,NA,0,NA,NA
Massachusetts,3,0,NA,0,NA,NA
Massachusetts,4,0,NA,0,NA,NA
Massachusetts,5,0,NA,0,NA,NA
Massachusetts,6,2e-4,0.008546964499853782,5.1730346069200905e-5,0.2586,0.2586517303460692
Massachusetts,7,0,NA,0,NA,NA
Massachusetts,8,0,NA,0,NA,NA
Massachusetts,9,8e-4,0.041894681909029466,5.072858286628845e-4,0.6335999999999999,0.6341072858286628
Michigan,1,0.9801,0.0770345098683246,0.2313497487437185,0.00469733700642791,0.2360470857501464
Michigan,2,0.998,0.02525293965211207,0.24139999999999995,4.8376753507012316e-4,0.24188376753507007
Michigan,3,0.0081,0.08980382922708179,0.0034727895957252786,0.4252666666666666,0.4287394562623919
Michigan,4,0.7768,0.26197422089899763,0.20914193548387094,0.06009330587023687,0.2692352413541078
Michigan,5,0.9974,0.028801440252076496,0.24139999999999995,6.292761179065576e-4,0.2420292761179065
Michigan,6,0,NA,0,NA,NA
Michigan,7,0.5726,0.35746273498055,0.17705746373420683,0.13215920363255323,0.30921666736676007
Michigan,8,0.0631,0.20344007159103628,0.02259329704344104,0.33546212361331224,0.3580554206567533
Michigan,9,0.9998,0.00797848890280241,0.24139999999999995,4.8289657931577246e-5,0.24144828965793153
Michigan,10,0.5599,0.34525165139979297,0.16664426266757548,0.13098792641543133,0.2976321890830068
Michigan,11,0.0016,0.053425034742497914,9.15224358974287e-4,0.5710999999999999,0.5720152243589742
Michigan,12,0,NA,0,NA,NA
Michigan,13,0,NA,0,NA,NA
Minnesota,1,0.8918,0.18069294017002385,0.22199149722735667,0.02693370710921733,0.248925204336574
Minnesota,2,0.0525,0.24649777846313203,0.024830079155672813,0.44812380952380954,0.47295388867948235
Minnesota,3,2e-4,0.008546964499853782,5.1730346069200905e-5,0.2586,0.2586517303460692
Minnesota,4,0,NA,0,NA,NA
Minnesota,5,0,NA,0,NA,NA
Minnesota,6,0.9781,0.08121644408422216,0.23226757990867575,0.005200552090788263,0.237468131999464
Minnesota,7,0.9998,0.00797848890280241,0.24139999999999995,4.8289657931577246e-5,0.24144828965793153
Minnesota,8,0.9145,0.1457434499069112,0.20397309941520458,0.01907020229633677,0.22304330171154135
Mississippi,1,0.9996,0.011284415937363906,0.24139999999999995,9.659863945576941e-5,0.24149659863945572
Mississippi,2,1e-4,0.017727990164951933,7.58675867585934e-5,0.7585999999999999,0.7586758675867585
Mississippi,3,0.9956,0.03750128143159913,0.24139999999999995,0.001066854158296493,0.24246685415829644
Mississippi,4,1,NA,NA,0,NA
Missouri,1,0,NA,0,NA,NA
Missouri,2,0.7147,0.2901708124650764,0.1965349456712232,0.07845448439904856,0.27498943007027177
Missouri,3,0.9734,0.08308614802435724,0.21508421052631577,0.005877583727141977,0.22096179425345774
Missouri,4,0.9938,0.04455624283731893,0.24139999999999995,0.0015060173073052907,0.24290601730730524
Missouri,5,0.1229,0.23439145042437337,0.03754639151750083,0.2679572009764036,0.3055035924939044
Missouri,6,0.9923,0.04969195469605999,0.24139999999999995,0.0018732036682454767,0.24327320366824542
Missouri,7,1,NA,NA,0,NA
Missouri,8,1,NA,NA,0,NA
Montana,1,0.5598,0.35335952712021673,0.17052312585188545,0.13409124687388352,0.30461437272576897
Montana,2,0.9966,0.03294892356168842,0.24139999999999995,8.235601043548035e-4,0.24222356010435475
Nebraska,1,0.8362,0.22062373123096715,0.21331697191697185,0.041785840707964594,0.25510281262493645
Nebraska,2,0.0792,0.28106754337953554,0.03527489139878359,0.4101151515151515,0.4453900429139351
Nebraska,3,1,NA,NA,0,NA
Nevada,1,0.0224,0.13884800189536572,0.008994108019639846,0.3925285714285714,0.40152267944821124
Nevada,2,0.7986,0.23667297474726584,0.20167805362462754,0.05086145755071375,0.2525395111753413
Nevada,3,0.0538,0.1813823191007337,0.01850843373493971,0.32551449814126393,0.34402293187620364
Nevada,4,0.0223,0.15852503006509136,0.010245249053902006,0.4491829596412556,0.4594282086951576
New Hampshire,1,0.0751,0.30652632125026025,0.037377943561466065,0.4603310252996005,0.4977089688610666
New Hampshire,2,0.001,0.056086074198235754,7.593593593593351e-4,0.7585999999999999,0.7593593593593593
New Jersey,1,0,NA,0,NA,NA
New Jersey,2,0.8774,0.1702548783071296,0.19490734094616635,0.027234602233872807,0.22214194318003916
New Jersey,3,0.0046,0.09288133544914977,0.002701989150090345,0.5846869565217392,0.5873889456718295
New Jersey,4,0.9984,0.02258239080167921,0.24139999999999995,3.868589743589723e-4,0.24178685897435892
New Jersey,5,0.019,0.14571916797878273,0.008678287461773682,0.44807368421052635,0.45675197167230003
New Jersey,6,0.004,0.07161624835339227,0.0019421686746987632,0.4836,0.48554216867469874
New Jersey,7,0.5034,0.2789255310369556,0.1201756745871928,0.11855232419547079,0.2387279987826636
New Jersey,8,0,NA,0,NA,NA
New Jersey,9,0.044,0.16268563538117403,0.014935564853556405,0.3245090909090909,0.3394446557626473
New Jersey,10,0,NA,0,NA,NA
New Jersey,11,0.0138,0.11555250216516949,0.005849401744068117,0.4180202898550725,0.4238696915991406
New Jersey,12,0,NA,0,NA,NA
New Mexico,1,0.0019,0.05051351999703125,9.431319507062774e-4,0.49544210526315785,0.49638523721386413
New Mexico,2,0.0611,0.18879303442344406,0.020609713494514792,0.31670147299509005,0.33731118648960484
New Mexico,3,0.0085,0.11067987232326684,0.0043853756933938115,0.5115411764705882,0.515926552163982
New York,1,0.798,0.2494757605753251,0.21219207920792071,0.05371278195488721,0.2659048611628079
New York,2,0.9036,0.1446637393132139,0.18953278008298746,0.020220185922974754,0.20975296600596222
New York,3,0.0837,0.19740724325397405,0.025531834552002586,0.2795080047789725,0.30503983933097506
New York,4,0.0343,0.16075348888217814,0.012964668116392186,0.36501399416909625,0.37797866228548843
New York,5,0,NA,0,NA,NA
New York,6,0.0019,0.05051351999703125,9.431319507062774e-4,0.49544210526315785,0.49638523721386413
New York,7,0,NA,0,NA,NA
New York,8,0,NA,0,NA,NA
New York,9,0,NA,0,NA,NA
New York,10,0,NA,0,NA,NA
New York,11,0.9899,0.056980628924632126,0.24139999999999995,0.0024630164663097254,0.24386301646630967
New York,12,0,NA,0,NA,NA
New York,13,0,NA,0,NA,NA
New York,14,0,NA,0,NA,NA
New York,15,0,NA,0,NA,NA
New York,16,0,NA,0,NA,NA
New York,17,0.3992,0.4148107341672908,0.14469560585885477,0.21776833667334666,0.36246394253220143
New York,18,0.01,0.1311922806758313,0.005642424242424227,0.5586,0.5642424242424242
New York,19,0.0337,0.13939936006051742,0.011140246300320733,0.31943086053412467,0.3305711068344454
New York,20,5e-4,0.039648922484130565,3.794897448723411e-4,0.7585999999999999,0.7589794897448723
New York,21,0.9164,0.15771765794318746,0.22345741626794258,0.020385246617197705,0.24384266288514028
New York,22,0.0071,0.10259009179605474,0.0037124181689998093,0.5191633802816902,0.52287579845069
New York,23,0.9986,0.021121776881878437,0.24139999999999995,3.384338073302573e-4,0.2417384338073302
New York,24,0.9887,0.05588555969526002,0.22370088495575213,0.0025567108324061893,0.22625759578815832
New York,25,2e-4,0.008546964499853782,5.1730346069200905e-5,0.2586,0.2586517303460692
New York,26,1e-4,0.017727990164951933,7.58675867585934e-5,0.7585999999999999,0.7586758675867585
North Carolina,1,0.5103,0.36795675223278784,0.16073837043087602,0.1542496178718401,0.3149879883027161
North Carolina,2,0,NA,0,NA,NA
North Carolina,3,0.9839,0.06659048966526133,0.2227664596273291,0.003645228173594861,0.22641168780092397
North Carolina,4,0,NA,0,NA,NA
North Carolina,5,0.9458,0.11542985454337903,0.20634464944649444,0.011824783252273208,0.21816943269876765
North Carolina,6,0.9222,0.14029218585314476,0.2066956298200514,0.017437562350899993,0.2241331921709514
North Carolina,7,0.9427,0.13605983286026196,0.23616439790575916,0.014354747003288426,0.2505191449090476
North Carolina,8,0.9589,0.10737064070107534,0.22193527980535277,0.009512503910731052,0.23144778371608382
North Carolina,9,0.9407,0.1376752469396804,0.23465463743676218,0.01479219729988307,0.24944683473664525
North Carolina,10,0.9244,0.15336616426395064,0.22949523809523809,0.01876875811337081,0.2482639962086089
North Carolina,11,0.7993,0.20682360256190074,0.17662670652715495,0.044350031277367696,0.22097673780452265
North Carolina,12,0,NA,0,NA,NA
North Carolina,13,0.9288,0.1316505544786613,0.20347865168539325,0.015598277347114553,0.2190769290325078
North Carolina,14,0.7856,0.2588240121257512,0.21201567164179103,0.05786171079429736,0.2698773824360884
North Dakota,1,0.9999,0.005641361489348005,0.24139999999999995,2.4142414241423715e-5,0.24142414241424137
Ohio,1,0.0727,0.2947554435023441,0.03531782594629562,0.45048445667125175,0.4858022826175474
Ohio,2,1,NA,NA,0,NA
Ohio,3,0,NA,0,NA,NA
Ohio,4,1,NA,NA,0,NA
Ohio,5,0.9961,0.03154820472130896,0.2157589743589743,8.44754542716597e-4,0.21660372890169088
Ohio,6,0.9997,0.009772102080227165,0.24139999999999995,7.244173251974573e-5,0.2414724417325197
Ohio,7,0.6509,0.33272717266364965,0.19442205671727297,0.10427521892763864,0.2986972756449116
Ohio,8,0.9592,0.10571110510796558,0.21934117647058815,0.009329774812343594,0.22867095128293174
Ohio,9,0.3825,0.35323869720486123,0.11897085020242915,0.19206405228758172,0.31103490249001087
Ohio,10,0.9128,0.1702128747575752,0.23566605504587146,0.022513234005258564,0.25817928905113
Ohio,11,0,NA,0,NA,NA
Ohio,12,0.9993,0.014930119712685437,0.24139999999999995,1.690983688582004e-4,0.24156909836885815
Ohio,13,0.0374,0.14867313305738736,0.012540660710575469,0.32277112299465244,0.3353117837052279
Ohio,14,0.9809,0.07359490117395194,0.22569319371727747,0.004394678356611281,0.23008787207388876
Ohio,15,0.8567,0.20736945602426551,0.21697571528262383,0.036293474962063754,0.2532691902446876
Oklahoma,1,0.9335,0.12992835302963512,0.20831729323308268,0.014839957150508842,0.22315725038359152
Oklahoma,2,1,NA,NA,0,NA
Oklahoma,3,1,NA,NA,0,NA
Oklahoma,4,0.9998,0.00797848890280241,0.24139999999999995,4.8289657931577246e-5,0.24144828965793153
Oklahoma,5,0.9631,0.10669920352896768,0.2332699186991869,0.0089374519779877315,0.24220737067717463
Oregon,1,0,NA,0,NA,NA
Oregon,2,0.9983,0.023278561461110424,0.24139999999999995,4.110788340178362e-4,0.24181107883401778
Oregon,3,0,NA,0,NA,NA
Oregon,4,0.0057,0.06593065679779318,0.002136196319018402,0.37263508771929826,0.37477128403831667
Oregon,5,0.0202,0.12165004605379393,0.00747470912431103,0.36256039603960394,0.37003510516391497
Oregon,6,0.0068,0.06990670230900752,0.0024753121224324603,0.3615411764705882,0.36401648859302066
Pennsylvania,1,0.5914,0.3462433431484299,0.1782575624082231,0.12315867433209332,0.3014162367403164
Pennsylvania,2,0,NA,0,NA,NA
Pennsylvania,3,0,NA,0,NA,NA
Pennsylvania,4,2e-4,0.025072417902509976,1.5175035006997906e-4,0.7585999999999999,0.7587517503500699
Pennsylvania,5,0,NA,0,NA,NA
Pennsylvania,6,0.0018,0.0642517170136188,0.0011675816469645106,0.6474888888888888,0.6486564705358533
Pennsylvania,7,0.5098,0.29278610915369446,0.12777290901672778,0.1228604943114947,0.2506334033282225
Pennsylvania,8,0.6833,0.31421875344136774,0.19750988317019258,0.09154307039367776,0.28905295356387034
Pennsylvania,9,1,NA,NA,0,NA
Pennsylvania,10,0.4464,0.39927504052767815,0.15343034682080925,0.19027562724014335,0.3437059740609526
Pennsylvania,11,0.9807,0.07234156257496153,0.22067461139896372,0.004342836749260726,0.22501744814822444
Pennsylvania,12,1e-4,0.017727990164951933,7.58675867585934e-5,0.7585999999999999,0.7586758675867585
Pennsylvania,13,1,NA,NA,0,NA
Pennsylvania,14,0.9991,0.016930858844165626,0.24139999999999995,2.1745571013911946e-4,0.24161745571013907
Pennsylvania,15,0.9998,0.00797848890280241,0.24139999999999995,4.8289657931577246e-5,0.24144828965793153
Pennsylvania,16,0.9843,0.0637248049965861,0.21592229299363053,0.0034440516102814123,0.21936634460391194
Pennsylvania,17,0.0121,0.1192440731040417,0.005647393460876504,0.4610793388429752,0.4667267323038517
Rhode Island,1,0,NA,0,NA,NA
Rhode Island,2,0.0022,0.04832588078798454,9.710563239125891e-4,0.44041818181818176,0.44138923814209435
South Carolina,1,0.8024,0.23885660556669044,0.20597489878542508,0.05072362911266198,0.25669852789808706
South Carolina,2,0.9124,0.14999489563769663,0.20715342465753417,0.019888908373520364,0.22704233303105453
South Carolina,3,1,NA,NA,0,NA
South Carolina,4,0.985,0.06192299136154651,0.21473333333333333,0.0032700507614213115,0.21800338409475464
South Carolina,5,0.9581,0.09930699195347921,0.20321384248210017,0.00888702640642941,0.21210086888852958
South Carolina,6,0,NA,0,NA,NA
South Carolina,7,0.993,0.04736271715030458,0.24139999999999995,0.0017017119838872163,0.24310171198388716
South Dakota,1,0.9906,0.054951174425805556,0.24139999999999995,0.002290692509590131,0.24369069250959008
Tennessee,1,1,NA,NA,0,NA
Tennessee,2,0.9992,0.01596176801268894,0.24139999999999995,1.932746196957602e-4,0.2415932746196957
Tennessee,3,0.9998,0.00797848890280241,0.24139999999999995,4.8289657931577246e-5,0.24144828965793153
Tennessee,4,0.9918,0.051292880393556894,0.24139999999999995,0.0019958459366807846,0.24339584593668073
Tennessee,5,0.9647,0.10537531801931184,0.23573427762039656,0.008625914792163347,0.2443601924125599
Tennessee,6,0.9798,0.07269183741927562,0.21664752475247517,0.00446650336803428,0.22111402812050945
Tennessee,7,0.9729,0.08695260729569929,0.22294981549815496,0.006210237434474242,0.2291600529326292
Tennessee,8,0.9388,0.1264811711000588,0.2119882352941176,0.013819429058372412,0.22580766435249
Tennessee,9,0.7733,0.2529686112792565,0.19993550948389938,0.05861293159187897,0.25854844107577835
Texas,1,1,NA,NA,0,NA
Texas,2,0.9588,0.09459650316723306,0.19528349514563104,0.008391405924071754,0.2036749010697028
Texas,3,0.9832,0.07010231055553925,0.22949523809523809,0.003921399511798207,0.2334166376070363
Texas,4,0.9915,0.052230636374533984,0.24139999999999995,0.0020694906707009464,0.2434694906707009
Texas,5,0.9808,0.072114934538601,0.22056666666666658,0.0043177814029363715,0.22488444806960295
Texas,6,0.9861,0.06098649452236498,0.21981726618705033,0.003098529560896457,0.2229157957479468
Texas,7,0,NA,0,NA,NA
Texas,8,0.9899,0.04996946932042989,0.21169702970297022,0.0021599555510657675,0.21385698525403599
Texas,9,0.9972,0.029891664176753544,0.24139999999999995,6.778178900922471e-4,0.2420778178900922
Texas,10,0.9786,0.08180450327347037,0.23672710280373832,0.005176742284896785,0.2419038450886351
Texas,11,1,NA,NA,0,NA
Texas,12,0.9855,0.06451579479892602,0.22760689655172406,0.003348858447488584,0.23095575499921264
Texas,13,1,NA,NA,0,NA
Texas,14,0.9924,0.0466749789540714,0.2282421052631578,0.0017479242241031923,0.229990029487261
Texas,15,0.7166,0.3054892923804986,0.2078784756527875,0.08221149874406919,0.2900899743968567
Texas,16,4e-4,0.035461300456024275,3.0356142456977597e-4,0.7585999999999999,0.7589035614245697
Texas,17,0.9828,0.0692346416279299,0.22395813953488364,0.003919495319495314,0.22787763485437895
Texas,18,0,NA,0,NA,NA
Texas,19,1,NA,NA,0,NA
Texas,20,0,NA,0,NA,NA
Texas,21,0.9387,0.11492991025386932,0.19246035889070146,0.01256825396825395,0.2050286128589554
Texas,22,0.9428,0.123853264186812,0.2151762237762237,0.01305481544336018,0.22823103921958388
Texas,23,0.822,0.22890404047236823,0.21050112359550555,0.04558296836982967,0.2560840919653352
Texas,24,0.9227,0.13965092419458638,0.20647115135834404,0.017297301398070897,0.22376845275641494
Texas,25,0.9995,0.012616991678973264,0.24139999999999995,1.2076038019009916e-4,0.24152076038019005
Texas,26,0.985,0.06769042303135836,0.23473333333333324,0.0035746192893401085,0.23830795262267335
Texas,27,0.977,0.0849934633668197,0.23705217391304345,0.005580552712384862,0.2426327266254283
Texas,28,0.1171,0.3134663613029982,0.04885271265148938,0.36833526900085395,0.41718798165234333
Texas,29,0,NA,0,NA,NA
Texas,30,0,NA,0,NA,NA
Texas,31,0.9805,0.07786285699678068,0.23627179487179484,0.0046989291177970405,0.24097072398959188
Texas,32,0.6726,0.23421915931857154,0.14366023213194867,0.06992917038358609,0.21358940251553477
Texas,33,0,NA,0,NA,NA
Texas,34,0.1878,0.41084839221281827,0.08454208323073131,0.3656287539936102,0.45017083722434154
Texas,35,0.3286,0.2849527660482431,0.0853082514149538,0.17430298234936092,0.2596112337643147
Texas,36,0.9943,0.04271111625155481,0.24139999999999995,0.0013838680478728826,0.24278386804787283
Texas,37,0,NA,0,NA,NA
Texas,38,0.9259,0.13460400850443396,0.20361322537112003,0.01629521546603302,0.21990844083715305
Utah,1,0,NA,0,NA,NA
Utah,2,0.9796,0.0780992466597741,0.23159607843137253,0.0048229481420987985,0.23641902657347133
Utah,3,1,NA,NA,0,NA
Utah,4,0.9922,0.04735980351905982,0.22857948717948717,0.001796936101592428,0.2303764232810796
Vermont,1,0,NA,0,NA,NA
Virginia,1,0.6886,0.25318804885913204,0.16111740526653817,0.07286081905315134,0.2339782243196895
Virginia,2,0.4593,0.31476229975699227,0.1241445903458479,0.14614626605704334,0.27029085640289124
Virginia,3,0,NA,0,NA,NA
Virginia,4,0,NA,0,NA,NA
Virginia,5,0.8621,0.20731471244760946,0.22182059463379256,0.0354820322468391,0.25730262688063166
Virginia,6,0.9999,0.005641361489348005,0.24139999999999995,2.4142414241423715e-5,0.24142414241424137
Virginia,7,0.0289,0.15097789848588236,0.011145649263721524,0.37451695501730103,0.38566260428102256
Virginia,8,0,NA,0,NA,NA
Virginia,9,1,NA,NA,0,NA
Virginia,10,0.0075,0.0755536455294262,0.0028105793450881045,0.3719333333333333,0.3747439126784214
Virginia,11,0,NA,0,NA,NA
Washington,1,0,NA,0,NA,NA
Washington,2,0,NA,0,NA,NA
Washington,3,0.207,0.38257315133999964,0.0836446406052963,0.3204357487922705,0.4040803893975668
Washington,4,0.9786,0.072115776563413,0.20868971962616822,0.004563621500102172,0.2132533411262704
Washington,5,0.9482,0.12868585014388445,0.23560849420849417,0.012871250790972344,0.2484797449994665
Washington,6,2e-4,0.008546964499853782,5.1730346069200905e-5,0.2586,0.2586517303460692
Washington,7,0,NA,0,NA,NA
Washington,8,0.0197,0.14031641779927356,0.0085121085382025,0.4235746192893401,0.4320867278275426
Washington,9,0,NA,0,NA,NA
Washington,10,3e-4,0.030708851027590415,2.2764829448829182e-4,0.7585999999999999,0.7588276482944882
West Virginia,1,1,NA,NA,0,NA
West Virginia,2,0.9998,0.00797848890280241,0.24139999999999995,4.8289657931577246e-5,0.24144828965793153
Wisconsin,1,0.7954,0.256560229078146,0.21647331378299117,0.0556832285642444,0.2721565423472356
Wisconsin,2,0,NA,0,NA,NA
Wisconsin,3,0.6494,0.3356404178829331,0.19547872219053042,0.10553563289190021,0.30101435508243063
Wisconsin,4,0,NA,0,NA,NA
Wisconsin,5,0.9902,0.05611949968270995,0.24139999999999995,0.0023891335083821297,0.24378913350838208
Wisconsin,6,0.9961,0.035297426873438474,0.24139999999999995,9.451460696717207e-4,0.24234514606967167
Wisconsin,7,0.9675,0.09416519371439827,0.21986153846153844,0.007385529715762257,0.2272470681773007
Wisconsin,8,0.9282,0.13788394508556526,0.2121520891364902,0.016410816634346015,0.2285629057708362
Wyoming,1,1,NA,NA,0,NA
