r_seats,margin_diff,prob
138,-0.1,1e-4
141,-0.1,2e-4
142,-0.1,1e-4
143,-0.1,3e-4
145,-0.1,7e-4
146,-0.1,6e-4
147,-0.1,0.001
148,-0.1,0.0016
149,-0.1,0.0025
150,-0.1,0.0029
151,-0.1,0.0037
152,-0.1,0.0059
153,-0.1,0.0101
154,-0.1,0.0122
155,-0.1,0.0139
156,-0.1,0.0197
157,-0.1,0.0211
158,-0.1,0.0238
159,-0.1,0.0308
160,-0.1,0.0361
161,-0.1,0.0406
162,-0.1,0.0443
163,-0.1,0.045
164,-0.1,0.0507
165,-0.1,0.0524
166,-0.1,0.0538
167,-0.1,0.0484
168,-0.1,0.0488
169,-0.1,0.0496
170,-0.1,0.0483
171,-0.1,0.0437
172,-0.1,0.0428
173,-0.1,0.0404
174,-0.1,0.0356
175,-0.1,0.0308
176,-0.1,0.0275
177,-0.1,0.024
178,-0.1,0.0183
179,-0.1,0.0149
180,-0.1,0.0126
181,-0.1,0.0095
182,-0.1,0.0081
183,-0.1,0.0066
184,-0.1,0.0043
185,-0.1,0.004
186,-0.1,0.0025
187,-0.1,0.0019
188,-0.1,0.0011
189,-0.1,8e-4
190,-0.1,4e-4
191,-0.1,1e-4
192,-0.1,4e-4
193,-0.1,3e-4
195,-0.1,1e-4
196,-0.1,1e-4
148,-0.09000000000000001,3e-4
149,-0.09000000000000001,0.001
150,-0.09000000000000001,0.0011
151,-0.09000000000000001,0.001
152,-0.09000000000000001,0.0013
153,-0.09000000000000001,0.0028
154,-0.09000000000000001,0.0036
155,-0.09000000000000001,0.0033
156,-0.09000000000000001,0.0053
157,-0.09000000000000001,0.0074
158,-0.09000000000000001,0.0106
159,-0.09000000000000001,0.0127
160,-0.09000000000000001,0.016
161,-0.09000000000000001,0.0166
162,-0.09000000000000001,0.0265
163,-0.09000000000000001,0.0263
164,-0.09000000000000001,0.0317
165,-0.09000000000000001,0.038
166,-0.09000000000000001,0.0448
167,-0.09000000000000001,0.0465
168,-0.09000000000000001,0.0507
169,-0.09000000000000001,0.0505
170,-0.09000000000000001,0.0547
171,-0.09000000000000001,0.0551
172,-0.09000000000000001,0.0495
173,-0.09000000000000001,0.0522
174,-0.09000000000000001,0.0505
175,-0.09000000000000001,0.0493
176,-0.09000000000000001,0.0472
177,-0.09000000000000001,0.0406
178,-0.09000000000000001,0.0357
179,-0.09000000000000001,0.0293
180,-0.09000000000000001,0.027
181,-0.09000000000000001,0.023
182,-0.09000000000000001,0.0205
183,-0.09000000000000001,0.0159
184,-0.09000000000000001,0.0124
185,-0.09000000000000001,0.009
186,-0.09000000000000001,0.0078
187,-0.09000000000000001,0.0069
188,-0.09000000000000001,0.0034
189,-0.09000000000000001,0.0037
190,-0.09000000000000001,0.0024
191,-0.09000000000000001,0.0021
192,-0.09000000000000001,0.0013
193,-0.09000000000000001,0.001
194,-0.09000000000000001,6e-4
195,-0.09000000000000001,4e-4
196,-0.09000000000000001,3e-4
197,-0.09000000000000001,2e-4
149,-0.08,1e-4
151,-0.08,2e-4
152,-0.08,1e-4
153,-0.08,3e-4
154,-0.08,7e-4
155,-0.08,9e-4
156,-0.08,0.0019
157,-0.08,0.0018
158,-0.08,0.0025
159,-0.08,0.0039
160,-0.08,0.0051
161,-0.08,0.0065
162,-0.08,0.0097
163,-0.08,0.0132
164,-0.08,0.0158
165,-0.08,0.02
166,-0.08,0.0226
167,-0.08,0.0274
168,-0.08,0.0341
169,-0.08,0.037
170,-0.08,0.0397
171,-0.08,0.0445
172,-0.08,0.0432
173,-0.08,0.0488
174,-0.08,0.0531
175,-0.08,0.0554
176,-0.08,0.0538
177,-0.08,0.053
178,-0.08,0.0515
179,-0.08,0.0443
180,-0.08,0.0456
181,-0.08,0.0403
182,-0.08,0.0373
183,-0.08,0.0333
184,-0.08,0.0299
185,-0.08,0.0296
186,-0.08,0.0232
187,-0.08,0.0157
188,-0.08,0.0131
189,-0.08,0.0105
190,-0.08,0.0097
191,-0.08,0.0053
192,-0.08,0.0051
193,-0.08,0.0026
194,-0.08,0.0026
195,-0.08,0.0023
196,-0.08,9e-4
197,-0.08,0.0013
198,-0.08,3e-4
199,-0.08,1e-4
202,-0.08,2e-4
154,-0.07,4e-4
156,-0.07,6e-4
157,-0.07,5e-4
158,-0.07,3e-4
159,-0.07,7e-4
160,-0.07,0.0014
161,-0.07,0.0014
162,-0.07,0.0023
163,-0.07,0.0027
164,-0.07,0.0043
165,-0.07,0.0075
166,-0.07,0.0097
167,-0.07,0.0105
168,-0.07,0.0154
169,-0.07,0.0197
170,-0.07,0.0248
171,-0.07,0.0263
172,-0.07,0.0289
173,-0.07,0.0376
174,-0.07,0.0378
175,-0.07,0.0407
176,-0.07,0.0473
177,-0.07,0.049
178,-0.07,0.0586
179,-0.07,0.054
180,-0.07,0.0544
181,-0.07,0.0561
182,-0.07,0.0549
183,-0.07,0.0469
184,-0.07,0.0458
185,-0.07,0.0441
186,-0.07,0.0384
187,-0.07,0.0323
188,-0.07,0.0302
189,-0.07,0.0243
190,-0.07,0.0222
191,-0.07,0.0163
192,-0.07,0.0138
193,-0.07,0.0101
194,-0.07,0.007
195,-0.07,0.0058
196,-0.07,0.0057
197,-0.07,0.0034
198,-0.07,0.0021
199,-0.07,0.0011
200,-0.07,0.0013
201,-0.07,5e-4
202,-0.07,5e-4
203,-0.07,1e-4
207,-0.07,3e-4
159,-0.060000000000000005,3e-4
160,-0.060000000000000005,1e-4
161,-0.060000000000000005,3e-4
162,-0.060000000000000005,8e-4
163,-0.060000000000000005,6e-4
164,-0.060000000000000005,5e-4
165,-0.060000000000000005,0.002
166,-0.060000000000000005,0.0029
167,-0.060000000000000005,0.0032
168,-0.060000000000000005,0.0049
169,-0.060000000000000005,0.0069
170,-0.060000000000000005,0.0075
171,-0.060000000000000005,0.011
172,-0.060000000000000005,0.0137
173,-0.060000000000000005,0.0177
174,-0.060000000000000005,0.0219
175,-0.060000000000000005,0.0285
176,-0.060000000000000005,0.033
177,-0.060000000000000005,0.0322
178,-0.060000000000000005,0.0411
179,-0.060000000000000005,0.0414
180,-0.060000000000000005,0.0505
181,-0.060000000000000005,0.0474
182,-0.060000000000000005,0.0536
183,-0.060000000000000005,0.0552
184,-0.060000000000000005,0.0515
185,-0.060000000000000005,0.0558
186,-0.060000000000000005,0.0522
187,-0.060000000000000005,0.0505
188,-0.060000000000000005,0.05
189,-0.060000000000000005,0.0403
190,-0.060000000000000005,0.0397
191,-0.060000000000000005,0.0327
192,-0.060000000000000005,0.0318
193,-0.060000000000000005,0.0274
194,-0.060000000000000005,0.0235
195,-0.060000000000000005,0.0183
196,-0.060000000000000005,0.013
197,-0.060000000000000005,0.0096
198,-0.060000000000000005,0.0081
199,-0.060000000000000005,0.0067
200,-0.060000000000000005,0.0031
201,-0.060000000000000005,0.0027
202,-0.060000000000000005,0.0022
203,-0.060000000000000005,0.0011
204,-0.060000000000000005,0.0011
205,-0.060000000000000005,9e-4
206,-0.060000000000000005,2e-4
207,-0.060000000000000005,3e-4
210,-0.060000000000000005,1e-4
162,-0.05,1e-4
163,-0.05,5e-4
165,-0.05,2e-4
166,-0.05,3e-4
167,-0.05,4e-4
168,-0.05,9e-4
169,-0.05,0.0018
170,-0.05,0.002
171,-0.05,0.0042
172,-0.05,0.005
173,-0.05,0.0068
174,-0.05,0.0088
175,-0.05,0.0112
176,-0.05,0.0142
177,-0.05,0.018
178,-0.05,0.0233
179,-0.05,0.0238
180,-0.05,0.0304
181,-0.05,0.0343
182,-0.05,0.037
183,-0.05,0.0435
184,-0.05,0.047
185,-0.05,0.052
186,-0.05,0.057
187,-0.05,0.0569
188,-0.05,0.0533
189,-0.05,0.0567
190,-0.05,0.0545
191,-0.05,0.0514
192,-0.05,0.0493
193,-0.05,0.0463
194,-0.05,0.0416
195,-0.05,0.0352
196,-0.05,0.0309
197,-0.05,0.0236
198,-0.05,0.021
199,-0.05,0.0149
200,-0.05,0.0123
201,-0.05,0.0098
202,-0.05,0.0056
203,-0.05,0.0043
204,-0.05,0.0032
205,-0.05,0.0024
206,-0.05,0.0017
207,-0.05,9e-4
208,-0.05,8e-4
209,-0.05,6e-4
211,-0.05,1e-4
169,-0.04000000000000001,3e-4
170,-0.04000000000000001,4e-4
171,-0.04000000000000001,9e-4
172,-0.04000000000000001,0.001
173,-0.04000000000000001,0.0023
174,-0.04000000000000001,0.0023
175,-0.04000000000000001,0.0034
176,-0.04000000000000001,0.0045
177,-0.04000000000000001,0.0066
178,-0.04000000000000001,0.0089
179,-0.04000000000000001,0.0132
180,-0.04000000000000001,0.0161
181,-0.04000000000000001,0.0159
182,-0.04000000000000001,0.0213
183,-0.04000000000000001,0.0276
184,-0.04000000000000001,0.032
185,-0.04000000000000001,0.0361
186,-0.04000000000000001,0.0396
187,-0.04000000000000001,0.0459
188,-0.04000000000000001,0.0473
189,-0.04000000000000001,0.0521
190,-0.04000000000000001,0.0557
191,-0.04000000000000001,0.0562
192,-0.04000000000000001,0.057
193,-0.04000000000000001,0.0623
194,-0.04000000000000001,0.055
195,-0.04000000000000001,0.0506
196,-0.04000000000000001,0.0471
197,-0.04000000000000001,0.0449
198,-0.04000000000000001,0.0378
199,-0.04000000000000001,0.031
200,-0.04000000000000001,0.0305
201,-0.04000000000000001,0.0245
202,-0.04000000000000001,0.019
203,-0.04000000000000001,0.0148
204,-0.04000000000000001,0.0101
205,-0.04000000000000001,0.0082
206,-0.04000000000000001,0.0056
207,-0.04000000000000001,0.0047
208,-0.04000000000000001,0.0027
209,-0.04000000000000001,0.0019
210,-0.04000000000000001,0.001
211,-0.04000000000000001,6e-4
212,-0.04000000000000001,6e-4
213,-0.04000000000000001,3e-4
214,-0.04000000000000001,2e-4
171,-0.03,2e-4
173,-0.03,4e-4
174,-0.03,5e-4
175,-0.03,0.0011
176,-0.03,0.0013
177,-0.03,0.0015
178,-0.03,0.0027
179,-0.03,0.0038
180,-0.03,0.0039
181,-0.03,0.0077
182,-0.03,0.0098
183,-0.03,0.0124
184,-0.03,0.0147
185,-0.03,0.0178
186,-0.03,0.0232
187,-0.03,0.0308
188,-0.03,0.0322
189,-0.03,0.0341
190,-0.03,0.0424
191,-0.03,0.0463
192,-0.03,0.049
193,-0.03,0.0549
194,-0.03,0.0551
195,-0.03,0.0581
196,-0.03,0.0594
197,-0.03,0.0565
198,-0.03,0.053
199,-0.03,0.0567
200,-0.03,0.0518
201,-0.03,0.0457
202,-0.03,0.0389
203,-0.03,0.0311
204,-0.03,0.026
205,-0.03,0.0226
206,-0.03,0.0161
207,-0.03,0.0107
208,-0.03,0.0085
209,-0.03,0.0063
210,-0.03,0.0054
211,-0.03,0.0037
212,-0.03,0.0016
213,-0.03,0.001
214,-0.03,4e-4
215,-0.03,3e-4
216,-0.03,3e-4
217,-0.03,1e-4
175,-0.020000000000000004,1e-4
176,-0.020000000000000004,3e-4
177,-0.020000000000000004,1e-4
178,-0.020000000000000004,8e-4
179,-0.020000000000000004,0.0011
180,-0.020000000000000004,8e-4
181,-0.020000000000000004,0.0016
182,-0.020000000000000004,0.0026
183,-0.020000000000000004,0.004
184,-0.020000000000000004,0.0057
185,-0.020000000000000004,0.0068
186,-0.020000000000000004,0.0106
187,-0.020000000000000004,0.0155
188,-0.020000000000000004,0.0147
189,-0.020000000000000004,0.0182
190,-0.020000000000000004,0.0216
191,-0.020000000000000004,0.0285
192,-0.020000000000000004,0.0349
193,-0.020000000000000004,0.0414
194,-0.020000000000000004,0.0475
195,-0.020000000000000004,0.0498
196,-0.020000000000000004,0.0493
197,-0.020000000000000004,0.0592
198,-0.020000000000000004,0.0601
199,-0.020000000000000004,0.0573
200,-0.020000000000000004,0.06
201,-0.020000000000000004,0.0611
202,-0.020000000000000004,0.0594
203,-0.020000000000000004,0.0535
204,-0.020000000000000004,0.044
205,-0.020000000000000004,0.0432
206,-0.020000000000000004,0.0343
207,-0.020000000000000004,0.0301
208,-0.020000000000000004,0.0217
209,-0.020000000000000004,0.0179
210,-0.020000000000000004,0.0142
211,-0.020000000000000004,0.0089
212,-0.020000000000000004,0.0072
213,-0.020000000000000004,0.0058
214,-0.020000000000000004,0.0024
215,-0.020000000000000004,0.0017
216,-0.020000000000000004,8e-4
217,-0.020000000000000004,5e-4
218,-0.020000000000000004,4e-4
219,-0.020000000000000004,1e-4
220,-0.020000000000000004,2e-4
222,-0.020000000000000004,1e-4
179,-0.010000000000000009,3e-4
180,-0.010000000000000009,1e-4
181,-0.010000000000000009,3e-4
182,-0.010000000000000009,7e-4
183,-0.010000000000000009,4e-4
184,-0.010000000000000009,0.0019
185,-0.010000000000000009,0.002
186,-0.010000000000000009,0.0023
187,-0.010000000000000009,0.004
188,-0.010000000000000009,0.0048
189,-0.010000000000000009,0.0081
190,-0.010000000000000009,0.0115
191,-0.010000000000000009,0.0136
192,-0.010000000000000009,0.0185
193,-0.010000000000000009,0.0211
194,-0.010000000000000009,0.0291
195,-0.010000000000000009,0.0313
196,-0.010000000000000009,0.0371
197,-0.010000000000000009,0.0428
198,-0.010000000000000009,0.0476
199,-0.010000000000000009,0.0513
200,-0.010000000000000009,0.0581
201,-0.010000000000000009,0.0649
202,-0.010000000000000009,0.0647
203,-0.010000000000000009,0.0693
204,-0.010000000000000009,0.062
205,-0.010000000000000009,0.0599
206,-0.010000000000000009,0.0542
207,-0.010000000000000009,0.0483
208,-0.010000000000000009,0.0441
209,-0.010000000000000009,0.0362
210,-0.010000000000000009,0.0315
211,-0.010000000000000009,0.0238
212,-0.010000000000000009,0.0187
213,-0.010000000000000009,0.012
214,-0.010000000000000009,0.0093
215,-0.010000000000000009,0.0058
216,-0.010000000000000009,0.0036
217,-0.010000000000000009,0.002
218,-0.010000000000000009,0.0012
219,-0.010000000000000009,8e-4
220,-0.010000000000000009,4e-4
221,-0.010000000000000009,3e-4
222,-0.010000000000000009,1e-4
183,0,1e-4
184,0,3e-4
185,0,2e-4
186,0,8e-4
187,0,0.0011
188,0,0.0012
189,0,0.0019
190,0,0.0041
191,0,0.0039
192,0,0.0078
193,0,0.0095
194,0,0.0118
195,0,0.0172
196,0,0.017
197,0,0.0251
198,0,0.0304
199,0,0.0364
200,0,0.0434
201,0,0.0498
202,0,0.0558
203,0,0.0572
204,0,0.0649
205,0,0.0641
206,0,0.0701
207,0,0.0669
208,0,0.0604
209,0,0.0618
210,0,0.0488
211,0,0.045
212,0,0.0343
213,0,0.0321
214,0,0.022
215,0,0.0202
216,0,0.0133
217,0,0.008
218,0,0.0058
219,0,0.0036
220,0,0.0016
221,0,8e-4
222,0,6e-4
223,0,4e-4
224,0,2e-4
225,0,1e-4
185,0.009999999999999995,1e-4
186,0.009999999999999995,1e-4
187,0.009999999999999995,3e-4
188,0.009999999999999995,5e-4
189,0.009999999999999995,3e-4
190,0.009999999999999995,8e-4
191,0.009999999999999995,0.0014
192,0.009999999999999995,0.0028
193,0.009999999999999995,0.0034
194,0.009999999999999995,0.0039
195,0.009999999999999995,0.0047
196,0.009999999999999995,0.0068
197,0.009999999999999995,0.0099
198,0.009999999999999995,0.0166
199,0.009999999999999995,0.0174
200,0.009999999999999995,0.0237
201,0.009999999999999995,0.0301
202,0.009999999999999995,0.0368
203,0.009999999999999995,0.041
204,0.009999999999999995,0.0503
205,0.009999999999999995,0.0525
206,0.009999999999999995,0.0623
207,0.009999999999999995,0.0656
208,0.009999999999999995,0.0689
209,0.009999999999999995,0.0756
210,0.009999999999999995,0.0717
211,0.009999999999999995,0.0643
212,0.009999999999999995,0.0558
213,0.009999999999999995,0.0534
214,0.009999999999999995,0.0452
215,0.009999999999999995,0.0389
216,0.009999999999999995,0.031
217,0.009999999999999995,0.0224
218,0.009999999999999995,0.0157
219,0.009999999999999995,0.011
220,0.009999999999999995,0.0065
221,0.009999999999999995,0.0034
222,0.009999999999999995,0.0021
223,0.009999999999999995,0.0017
224,0.009999999999999995,6e-4
225,0.009999999999999995,4e-4
227,0.009999999999999995,1e-4
185,0.01999999999999999,1e-4
187,0.01999999999999999,1e-4
189,0.01999999999999999,2e-4
190,0.01999999999999999,1e-4
191,0.01999999999999999,3e-4
192,0.01999999999999999,4e-4
193,0.01999999999999999,4e-4
194,0.01999999999999999,8e-4
195,0.01999999999999999,0.0012
196,0.01999999999999999,0.0024
197,0.01999999999999999,0.0036
198,0.01999999999999999,0.0045
199,0.01999999999999999,0.0083
200,0.01999999999999999,0.0107
201,0.01999999999999999,0.0131
202,0.01999999999999999,0.0157
203,0.01999999999999999,0.0216
204,0.01999999999999999,0.0315
205,0.01999999999999999,0.0357
206,0.01999999999999999,0.0432
207,0.01999999999999999,0.0517
208,0.01999999999999999,0.0569
209,0.01999999999999999,0.0635
210,0.01999999999999999,0.07
211,0.01999999999999999,0.0777
212,0.01999999999999999,0.0748
213,0.01999999999999999,0.0725
214,0.01999999999999999,0.0685
215,0.01999999999999999,0.0594
216,0.01999999999999999,0.0549
217,0.01999999999999999,0.0454
218,0.01999999999999999,0.0333
219,0.01999999999999999,0.0262
220,0.01999999999999999,0.0195
221,0.01999999999999999,0.0129
222,0.01999999999999999,0.008
223,0.01999999999999999,0.0058
224,0.01999999999999999,0.0027
225,0.01999999999999999,0.0012
226,0.01999999999999999,7e-4
227,0.01999999999999999,3e-4
229,0.01999999999999999,1e-4
230,0.01999999999999999,1e-4
187,0.03,1e-4
194,0.03,1e-4
195,0.03,2e-4
196,0.03,4e-4
197,0.03,6e-4
198,0.03,0.0015
199,0.03,0.0022
200,0.03,0.0021
201,0.03,0.0049
202,0.03,0.0077
203,0.03,0.0088
204,0.03,0.0132
205,0.03,0.0177
206,0.03,0.0228
207,0.03,0.0286
208,0.03,0.0388
209,0.03,0.0455
210,0.03,0.0533
211,0.03,0.0627
212,0.03,0.0725
213,0.03,0.0759
214,0.03,0.0753
215,0.03,0.0784
216,0.03,0.0748
217,0.03,0.0666
218,0.03,0.0618
219,0.03,0.0517
220,0.03,0.046
221,0.03,0.0294
222,0.03,0.021
223,0.03,0.014
224,0.03,0.0098
225,0.03,0.0062
226,0.03,0.0023
227,0.03,0.0019
228,0.03,7e-4
229,0.03,4e-4
231,0.03,1e-4
197,0.04000000000000001,1e-4
198,0.04000000000000001,4e-4
199,0.04000000000000001,4e-4
200,0.04000000000000001,5e-4
201,0.04000000000000001,9e-4
202,0.04000000000000001,0.0021
203,0.04000000000000001,0.0027
204,0.04000000000000001,0.0045
205,0.04000000000000001,0.0073
206,0.04000000000000001,0.0101
207,0.04000000000000001,0.0138
208,0.04000000000000001,0.0174
209,0.04000000000000001,0.0228
210,0.04000000000000001,0.0342
211,0.04000000000000001,0.0407
212,0.04000000000000001,0.0525
213,0.04000000000000001,0.0607
214,0.04000000000000001,0.0686
215,0.04000000000000001,0.0743
216,0.04000000000000001,0.0807
217,0.04000000000000001,0.0847
218,0.04000000000000001,0.0799
219,0.04000000000000001,0.074
220,0.04000000000000001,0.0659
221,0.04000000000000001,0.0547
222,0.04000000000000001,0.0473
223,0.04000000000000001,0.0364
224,0.04000000000000001,0.0228
225,0.04000000000000001,0.016
226,0.04000000000000001,0.0099
227,0.04000000000000001,0.0071
228,0.04000000000000001,0.0038
229,0.04000000000000001,0.0017
230,0.04000000000000001,7e-4
231,0.04000000000000001,4e-4
199,0.04999999999999999,1e-4
200,0.04999999999999999,2e-4
201,0.04999999999999999,4e-4
202,0.04999999999999999,3e-4
203,0.04999999999999999,5e-4
204,0.04999999999999999,0.0013
205,0.04999999999999999,0.0021
206,0.04999999999999999,0.0036
207,0.04999999999999999,0.0052
208,0.04999999999999999,0.0073
209,0.04999999999999999,0.01
210,0.04999999999999999,0.0162
211,0.04999999999999999,0.021
212,0.04999999999999999,0.0277
213,0.04999999999999999,0.034
214,0.04999999999999999,0.0442
215,0.04999999999999999,0.0581
216,0.04999999999999999,0.072
217,0.04999999999999999,0.074
218,0.04999999999999999,0.0785
219,0.04999999999999999,0.0803
220,0.04999999999999999,0.0892
221,0.04999999999999999,0.0865
222,0.04999999999999999,0.0741
223,0.04999999999999999,0.064
224,0.04999999999999999,0.0473
225,0.04999999999999999,0.0384
226,0.04999999999999999,0.027
227,0.04999999999999999,0.0167
228,0.04999999999999999,0.0097
229,0.04999999999999999,0.0054
230,0.04999999999999999,0.0026
231,0.04999999999999999,0.0014
232,0.04999999999999999,5e-4
233,0.04999999999999999,1e-4
234,0.04999999999999999,1e-4
198,0.06,1e-4
199,0.06,1e-4
202,0.06,1e-4
203,0.06,4e-4
204,0.06,3e-4
205,0.06,8e-4
206,0.06,6e-4
207,0.06,0.0013
208,0.06,0.0023
209,0.06,0.004
210,0.06,0.0042
211,0.06,0.0074
212,0.06,0.0123
213,0.06,0.018
214,0.06,0.0238
215,0.06,0.0342
216,0.06,0.0432
217,0.06,0.0497
218,0.06,0.0661
219,0.06,0.0769
220,0.06,0.0803
221,0.06,0.093
222,0.06,0.0919
223,0.06,0.0876
224,0.06,0.0814
225,0.06,0.0682
226,0.06,0.0494
227,0.06,0.0379
228,0.06,0.026
229,0.06,0.0175
230,0.06,0.0107
231,0.06,0.0059
232,0.06,0.0024
233,0.06,0.001
234,0.06,7e-4
235,0.06,1e-4
237,0.06,2e-4
203,0.07,1e-4
204,0.07,1e-4
206,0.07,1e-4
207,0.07,2e-4
208,0.07,6e-4
209,0.07,9e-4
210,0.07,0.0021
211,0.07,0.0018
212,0.07,0.0035
213,0.07,0.0065
214,0.07,0.0102
215,0.07,0.0148
216,0.07,0.021
217,0.07,0.031
218,0.07,0.0381
219,0.07,0.0574
220,0.07,0.0646
221,0.07,0.0787
222,0.07,0.0847
223,0.07,0.091
224,0.07,0.0967
225,0.07,0.0883
226,0.07,0.0797
227,0.07,0.0699
228,0.07,0.0587
229,0.07,0.0377
230,0.07,0.0253
231,0.07,0.0171
232,0.07,0.0086
233,0.07,0.0058
234,0.07,0.0025
235,0.07,0.0011
236,0.07,6e-4
237,0.07,3e-4
238,0.07,3e-4
207,0.07999999999999999,1e-4
208,0.07999999999999999,1e-4
209,0.07999999999999999,1e-4
210,0.07999999999999999,4e-4
211,0.07999999999999999,3e-4
212,0.07999999999999999,0.001
213,0.07999999999999999,0.0028
214,0.07999999999999999,0.0034
215,0.07999999999999999,0.0055
216,0.07999999999999999,0.0064
217,0.07999999999999999,0.0108
218,0.07999999999999999,0.0193
219,0.07999999999999999,0.0259
220,0.07999999999999999,0.0381
221,0.07999999999999999,0.0501
222,0.07999999999999999,0.0654
223,0.07999999999999999,0.0741
224,0.07999999999999999,0.0917
225,0.07999999999999999,0.0958
226,0.07999999999999999,0.1024
227,0.07999999999999999,0.0931
228,0.07999999999999999,0.0881
229,0.07999999999999999,0.074
230,0.07999999999999999,0.0568
231,0.07999999999999999,0.0402
232,0.07999999999999999,0.0266
233,0.07999999999999999,0.0132
234,0.07999999999999999,0.0069
235,0.07999999999999999,0.0046
236,0.07999999999999999,0.0016
237,0.07999999999999999,6e-4
238,0.07999999999999999,3e-4
239,0.07999999999999999,1e-4
240,0.07999999999999999,1e-4
242,0.07999999999999999,1e-4
208,0.09,1e-4
212,0.09,1e-4
213,0.09,2e-4
214,0.09,4e-4
215,0.09,0.0015
216,0.09,0.0022
217,0.09,0.0042
218,0.09,0.0068
219,0.09,0.0099
220,0.09,0.0171
221,0.09,0.0251
222,0.09,0.0334
223,0.09,0.0489
224,0.09,0.065
225,0.09,0.0805
226,0.09,0.0943
227,0.09,0.1056
228,0.09,0.1019
229,0.09,0.0997
230,0.09,0.0878
231,0.09,0.0714
232,0.09,0.0545
233,0.09,0.0383
234,0.09,0.0247
235,0.09,0.0128
236,0.09,0.008
237,0.09,0.0028
238,0.09,0.0013
239,0.09,8e-4
240,0.09,5e-4
241,0.09,2e-4
213,0.1,1e-4
215,0.1,3e-4
216,0.1,4e-4
217,0.1,0.0012
218,0.1,0.0023
219,0.1,0.0032
220,0.1,0.0071
221,0.1,0.0097
222,0.1,0.0158
223,0.1,0.0241
224,0.1,0.0355
225,0.1,0.0498
226,0.1,0.0669
227,0.1,0.0811
228,0.1,0.1
229,0.1,0.1048
230,0.1,0.1064
231,0.1,0.1005
232,0.1,0.0898
233,0.1,0.0683
234,0.1,0.0509
235,0.1,0.0364
236,0.1,0.0209
237,0.1,0.0145
238,0.1,0.0051
239,0.1,0.0021
240,0.1,0.0014
241,0.1,7e-4
242,0.1,4e-4
243,0.1,1e-4
244,0.1,1e-4
246,0.1,1e-4
