forecast_date,party,prob_majority,seats_pct_05,seats_avg,seats_pct_95,vote_pct_05,vote_avg,vote_pct_95
2026-04-19,dem,0.5991,201,221.9823,248,0.468098583,0.521703546,0.575251766
2026-04-19,rep,0.4009,187,213.0177,234,0.424748234,0.478296454,0.531901417
2026-04-20,dem,0.562,199,220.7184,247,0.466513571,0.518865309,0.571667371
2026-04-20,rep,0.438,188,214.2816,236,0.428332629,0.481134691,0.533486429
2026-04-21,dem,0.631,199,224.0515,254,0.467858134,0.525736138,0.583357824
2026-04-21,rep,0.369,181,210.9485,236,0.416642176,0.474263862,0.532141866
2026-04-22,dem,0.6474,200,225.0711,257,0.469024875,0.527585732,0.585865186
2026-04-22,rep,0.3526,178,209.9289,235,0.414134814,0.472414268,0.530975125
2026-04-23,dem,0.6309,199,224.0633,254,0.466750346,0.525475508,0.58371017
2026-04-23,rep,0.3691,181,210.9367,236,0.41628983,0.474524492,0.533249654
2026-04-24,dem,0.6598,201,225.7061,257,0.470709839,0.528981643,0.586506746
2026-04-24,rep,0.3402,178,209.2939,234,0.413493254,0.471018357,0.529290161
2026-04-25,dem,0.6722,202,225.642,256,0.47232491,0.529089471,0.586988378
2026-04-25,rep,0.3278,179,209.358,233,0.413011622,0.470910529,0.52767509
2026-04-26,dem,0.6704,201,225.8511,257,0.470637082,0.529107104,0.587655183
2026-04-26,rep,0.3296,178,209.1489,234,0.412344817,0.470892896,0.529362918
2026-04-27,dem,0.673,202,225.5366,256,0.471355443,0.528786607,0.585815116
2026-04-27,rep,0.327,179,209.4634,233,0.414184884,0.471213393,0.528644557
2026-04-28,dem,0.6371,201,223.9153,252,0.4680659,0.525366312,0.581521699
2026-04-28,rep,0.3629,183,211.0847,234,0.418478301,0.474633688,0.5319341
2026-04-29,dem,0.7107,203,227.7619,260,0.47539634,0.533536469,0.592378049
2026-04-29,rep,0.2893,175,207.2381,232,0.407621951,0.466463531,0.52460366
2026-04-30,dem,0.7401,204,228.8756,261,0.476830453,0.535002444,0.592840629
2026-04-30,rep,0.2599,174,206.1244,231,0.407159371,0.464997556,0.523169547
2026-05-01,dem,0.789,206,231.9615,265,0.481914495,0.541124515,0.599012923
2026-05-01,rep,0.211,170,203.0385,229,0.400987077,0.458875485,0.518085505
2026-05-02,dem,0.8056,206,233.4557,268,0.484185909,0.544047815,0.602838006
2026-05-02,rep,0.1944,167,201.5443,229,0.397161994,0.455952185,0.515814091
2026-05-03,dem,0.7794,205,231.5342,265,0.481406156,0.539777403,0.598276277
2026-05-03,rep,0.2206,170,203.4658,230,0.401723723,0.460222597,0.518593844
2026-05-04,dem,0.7764,205,231.1433,265,0.480929834,0.539107239,0.597614155
2026-05-04,rep,0.2236,170,203.8567,230,0.402385845,0.460892761,0.519070166
2026-05-05,dem,0.7717,205,231.1834,265,0.479717314,0.539183052,0.597105347
2026-05-05,rep,0.2283,170,203.8166,230,0.402894653,0.460816948,0.520282686
2026-05-06,dem,0.7758,206,231.6502,265.05,0.481343701,0.540050503,0.597606123
2026-05-06,rep,0.2242,169.95,203.3498,229,0.402393877,0.459949497,0.518656299
2026-05-07,dem,0.7151,203,227.5109,258,0.4737941,0.531851655,0.587182792
2026-05-07,rep,0.2849,177,207.4891,232,0.412817208,0.468148345,0.5262059
2026-05-08,dem,0.7091,203,227.5843,259,0.473848176,0.531774141,0.588647044
2026-05-08,rep,0.2909,176,207.4157,232,0.411352956,0.468225859,0.526151824
2026-05-09,dem,0.7228,203,228.149,260,0.473413559,0.532689683,0.589891281
2026-05-09,rep,0.2772,175,206.851,232,0.410108719,0.467310317,0.526586441
2026-05-10,dem,0.7228,203,228.149,260,0.473413559,0.532689683,0.589891281
2026-05-10,rep,0.2772,175,206.851,232,0.410108719,0.467310317,0.526586441
2026-05-11,dem,0.7452,204,229.8402,263,0.478017198,0.536333509,0.59482461
2026-05-11,rep,0.2548,172,205.1598,231,0.40517539,0.463666491,0.521982802
2026-05-12,dem,0.7459,204,229.5542,262,0.477760832,0.535658067,0.593026318
2026-05-12,rep,0.2541,173,205.4458,231,0.406973682,0.464341933,0.522239168
2026-05-13,dem,0.7459,204,229.2875,261,0.477805604,0.535130232,0.592402341
2026-05-13,rep,0.2541,174,205.7125,231,0.407597659,0.464869768,0.522194396
2026-05-14,dem,0.7279,203,228.9911,263,0.477035573,0.535030369,0.593681797
2026-05-14,rep,0.2721,172,206.0089,232,0.406318203,0.464969631,0.522964427
2026-05-15,dem,0.7286,204,228.3471,260,0.478063697,0.533800013,0.590390594
2026-05-15,rep,0.2714,175,206.6529,231,0.409609406,0.466199987,0.521936303
2026-05-16,dem,0.7243,204,228.0659,259,0.478940429,0.533309548,0.589972009
2026-05-16,rep,0.2757,176,206.9341,231,0.410027991,0.466690452,0.521059571
2026-05-17,dem,0.7207,203,228.474,260,0.477907072,0.533966952,0.590692946
2026-05-17,rep,0.2793,175,206.526,232,0.409307054,0.466033048,0.522092928
2026-05-18,dem,0.7606,204.95,229.9175,262,0.48021634,0.537077455,0.593268348
2026-05-18,rep,0.2394,173,205.0825,230.05,0.406731652,0.462922545,0.51978366
2026-05-19,dem,0.7227,204,228.218,260,0.477541582,0.533626445,0.59083997
2026-05-19,rep,0.2773,175,206.782,231,0.40916003,0.466373555,0.522458418
2026-05-20,dem,0.7432,204,229.527,262,0.479952155,0.536404384,0.594373155
2026-05-20,rep,0.2568,173,205.473,231,0.405626845,0.463595616,0.520047845
2026-05-21,dem,0.7588,204,229.856,262,0.479795517,0.536910292,0.593343869
2026-05-21,rep,0.2412,173,205.144,231,0.406656131,0.463089708,0.520204483
2026-05-22,dem,0.7986,206,232.2353,265,0.483410825,0.541639562,0.597718677
2026-05-22,rep,0.2014,170,202.7647,229,0.402281323,0.458360438,0.516589175
2026-05-23,dem,0.7743,205,230.522,263,0.481972357,0.53843262,0.595120524
2026-05-23,rep,0.2257,172,204.478,230,0.404879476,0.46156738,0.518027643
2026-05-24,dem,0.7582,205,229.8884,261,0.480652463,0.537404937,0.592312292
2026-05-24,rep,0.2418,174,205.1116,230,0.407687708,0.462595063,0.519347537
2026-05-25,dem,0.7431,204,229.4603,261,0.480555341,0.536186472,0.591889658
2026-05-25,rep,0.2569,174,205.5397,231,0.408110342,0.463813528,0.519444659
2026-05-26,dem,0.7535,205,229.5605,261,0.480928614,0.536530436,0.593005162
2026-05-26,rep,0.2465,174,205.4395,230,0.406994838,0.463469564,0.519071386
2026-05-27,dem,0.7402,204,228.7802,260,0.479711916,0.535023093,0.590955687
2026-05-27,rep,0.2598,175,206.2198,231,0.409044313,0.464976907,0.520288084
2026-05-28,dem,0.7583,205,229.7632,261,0.48183753,0.536967442,0.591495145
2026-05-28,rep,0.2417,174,205.2368,230,0.408504855,0.463032558,0.51816247
2026-05-29,dem,0.8647,210,237.0303,273,0.495220181,0.550996831,0.606922169
2026-05-29,rep,0.1353,162,197.9697,225,0.393077831,0.449003169,0.504779819
2026-05-30,dem,0.8673,210,237.8772,275,0.495220169,0.552397872,0.609500927
2026-05-30,rep,0.1327,160,197.1228,225,0.390499073,0.447602128,0.504779831
2026-05-31,dem,0.8731,211,238.5215,275,0.497046042,0.553402649,0.610570533
2026-05-31,rep,0.1269,160,196.4785,224,0.389429467,0.446597351,0.502953958
2026-06-01,dem,0.8044,206,234.469,271,0.48996256,0.54737297,0.60357797
2026-06-01,rep,0.1956,164,200.531,229,0.39642203,0.45262703,0.51003744
2026-06-02,dem,0.7927,206,233.5972,270,0.489478034,0.545813076,0.603560463
2026-06-02,rep,0.2073,165,201.4028,229,0.396439537,0.454186924,0.510521966
2026-06-03,dem,0.7904,206,233.4892,270,0.489344909,0.545769283,0.603958331
2026-06-03,rep,0.2096,165,201.5108,229,0.396041669,0.454230717,0.510655091
2026-06-04,dem,0.7625,204,231.4489,267,0.485033923,0.541810671,0.599804508
2026-06-04,rep,0.2375,168,203.5511,231,0.400195492,0.458189329,0.514966077
2026-06-05,dem,0.7643,204,231.5679,267,0.485533926,0.542121583,0.59844969
2026-06-05,rep,0.2357,168,203.4321,231,0.40155031,0.457878417,0.514466074
2026-06-06,dem,0.7798,205,230.4874,264,0.486686728,0.54068342,0.594768064
2026-06-06,rep,0.2202,171,204.5126,230,0.405231936,0.45931658,0.513313272
2026-06-07,dem,0.7579,204,230.8579,265,0.485327935,0.540994368,0.596829661
2026-06-07,rep,0.2421,170,204.1421,231,0.403170339,0.459005632,0.514672065
2026-06-08,dem,0.7499,204,230.3629,264,0.485620727,0.540213458,0.595446639
2026-06-08,rep,0.2501,171,204.6371,231,0.404553361,0.459786542,0.514379273
2026-06-09,dem,0.7026,202,227.5129,259,0.480020966,0.535039288,0.588957338
2026-06-09,rep,0.2974,176,207.4871,233,0.411042662,0.464960712,0.519979034
2026-06-10,dem,0.7026,202,227.5129,259,0.480020966,0.535039288,0.588957338
2026-06-10,rep,0.2974,176,207.4871,233,0.411042662,0.464960712,0.519979034
2026-06-11,dem,0.7026,202,227.5129,259,0.480020966,0.535039288,0.588957338
2026-06-11,rep,0.2974,176,207.4871,233,0.411042662,0.464960712,0.519979034
2026-06-12,dem,0.7026,202,227.5129,259,0.480020966,0.535039288,0.588957338
2026-06-12,rep,0.2974,176,207.4871,233,0.411042662,0.464960712,0.519979034
2026-06-13,dem,0.7026,202,227.5129,259,0.480020966,0.535039288,0.588957338
2026-06-13,rep,0.2974,176,207.4871,233,0.411042662,0.464960712,0.519979034
2026-06-14,dem,0.7026,202,227.5129,259,0.480020966,0.535039288,0.588957338
2026-06-14,rep,0.2974,176,207.4871,233,0.411042662,0.464960712,0.519979034
2026-06-15,dem,0.6394,200,225.5083,259,0.478476418,0.534001573,0.590094422
2026-06-15,rep,0.3606,176,209.4917,235,0.409905578,0.465998427,0.521523582
