forecast_date,state,seat_name,r_prob,r_pct_05,r_avg,r_pct_95
2026-04-19,Alabama,Class II,0.9966,0.5494453505,0.62474663732,0.700462253
2026-04-19,Alaska,Class II,0.9198,0.49197114010926263,0.5420380162937206,0.5909578646860937
2026-04-19,Arkansas,Class II,0.996,0.5858921735,0.718386951318,0.8520548574999999
2026-04-19,Colorado,Class II,0.0701,0.3565036365,0.432170633887,0.507593587
2026-04-19,Delaware,Class II,0.021,0.331338866,0.406175586685,0.4811426144999999
2026-04-19,Florida,Class III,0.9452,0.49874294899643856,0.5532801424330206,0.6069024119143065
2026-04-19,Georgia,Class II,0.329,0.43397068194564,0.48604333682669304,0.5380193211200065
2026-04-19,Idaho,Class II,0.9999,0.6053760325,0.677640933615,0.7516459299999999
2026-04-19,Illinois,Class II,0.1034,0.3666685435,0.441923793733,0.5181477589999999
2026-04-19,Iowa,Class II,0.9393,0.49665663111323965,0.5524286236623629,0.6067538366264917
2026-04-19,Kansas,Class II,0.9718,0.5108392585,0.583239518624,0.6561093534999999
2026-04-19,Kentucky,Class II,0.9954,0.5487148089999999,0.624817875757,0.7018766110000001
2026-04-19,Louisiana,Class II,0.9904,0.5304975545,0.606018690902,0.6812978024999999
2026-04-19,Maine,Class II,0.3817,0.438557833470935,0.490631542433154,0.5422618888895947
2026-04-19,Massachusetts,Class II,0,0.30329178967087245,0.3545373066325304,0.40767120240317417
2026-04-19,Michigan,Class II,0.7317,0.4681873952422344,0.5194190057066285,0.5705658919379405
2026-04-19,Minnesota,Class II,0.2296,0.4163463163470943,0.47379602173475494,0.5315708869991893
2026-04-19,Mississippi,Class II,0.9868,0.5273513515,0.602557096319,0.6758186199999999
2026-04-19,Montana,Class II,0.9585,0.5038144485,0.578198529789,0.6535314085
2026-04-19,Nebraska,Class II,0.984,0.5176284461680691,0.5760427182258707,0.6341318605768279
2026-04-19,New Hampshire,Class II,0.2597,0.42705195802719176,0.47942902297051615,0.5318202633715624
2026-04-19,New Jersey,Class II,0.0864,0.363167126,0.437549015863,0.5130830034999999
2026-04-19,New Mexico,Class II,0.1448,0.376416772,0.451142434,0.5268766165
2026-04-19,North Carolina,Class II,0.3795,0.4377546349609569,0.4903650936733301,0.5424135306217207
2026-04-19,Ohio,Class III,0.7442,0.469280459363244,0.5203644840462026,0.5716043952911128
2026-04-19,Oklahoma,Class II,0.9966,0.5546521310000001,0.629962217292,0.7053822079999997
2026-04-19,Oregon,Class II,0.0264,0.336589048,0.410404889131,0.4862133339999999
2026-04-19,Rhode Island,Class II,0.0123,0.319925311,0.394835705455,0.47055247
2026-04-19,South Carolina,Class II,0.9962,0.5330147275580678,0.5836200495215682,0.6341594493998641
2026-04-19,South Dakota,Class II,1,0.5918092207087468,0.6496811615611949,0.7075215395947562
2026-04-19,Tennessee,Class II,0.9996,0.5750990045,0.64892586362,0.722829547
2026-04-19,Texas,Class II,0.9225,0.49283369558294665,0.5430992297071614,0.5928089461591715
2026-04-19,Virginia,Class II,0.1129,0.3690593485,0.444924036223,0.519915709
2026-04-19,West Virginia,Class II,1,0.6392164705,0.713470869991,0.789629341
2026-04-19,Wyoming,Class II,1,0.621759998,0.702988802598,0.7821264594999999
2026-04-20,Alabama,Class II,0.9989,0.564862846,0.642984609678,0.7228486550000001
2026-04-20,Alaska,Class II,0.8891,0.4864520659076853,0.5359952934208652,0.5853774122546994
2026-04-20,Arkansas,Class II,0.9968,0.5762159765000001,0.706822861926,0.843914196
2026-04-20,Colorado,Class II,0.1913,0.3776594810000001,0.457371890841,0.5373059014999999
2026-04-20,Delaware,Class II,0.032,0.337163277,0.412519269527,0.4905867845
2026-04-20,Florida,Class III,0.9287,0.49381944409523304,0.5464371316928192,0.598488231427394
2026-04-20,Georgia,Class II,0.3511,0.4375896961180252,0.4884169479678224,0.5401821519152727
2026-04-20,Idaho,Class II,1,0.6235099295,0.700735536757,0.778071772
2026-04-20,Illinois,Class II,0.1494,0.373292702,0.451199200748,0.5311474570000001
2026-04-20,Iowa,Class II,0.9182,0.4916953870611797,0.5462928993866887,0.6009046630702102
2026-04-20,Kansas,Class II,0.9742,0.5146508995000001,0.58759147912,0.661606825
2026-04-20,Kentucky,Class II,0.9876,0.530179941,0.606530041027,0.685080194
2026-04-20,Louisiana,Class II,0.9935,0.5416632765000001,0.620044262464,0.6983445445
2026-04-20,Maine,Class II,0.2723,0.4322254324246164,0.48208702235286055,0.5322071491709516
2026-04-20,Massachusetts,Class II,0,0.2954413469265974,0.34707860685320274,0.39917187230450896
2026-04-20,Michigan,Class II,0.6208,0.45930156065598826,0.5095572868179873,0.5604132666830582
2026-04-20,Minnesota,Class II,0.2641,0.4203712257459683,0.47808959576463833,0.5348828173066303
2026-04-20,Mississippi,Class II,0.9948,0.544011359,0.619948266153,0.6956105995000001
2026-04-20,Montana,Class II,0.9666,0.5080078375,0.584716131144,0.6602978540000001
2026-04-20,Nebraska,Class II,0.9796,0.5147383972693889,0.5722572411308358,0.6317433436348504
2026-04-20,New Hampshire,Class II,0.327,0.4341117370983928,0.4858089075361676,0.538171175416055
2026-04-20,New Jersey,Class II,0.1159,0.367426265,0.443919854737,0.5222418125
2026-04-20,New Mexico,Class II,0.1098,0.36556316150000007,0.441782805796,0.5212079479999999
2026-04-20,North Carolina,Class II,0.3656,0.43923074865027856,0.48957079114453583,0.5396905755940538
2026-04-20,Ohio,Class III,0.7012,0.4669566833957269,0.5162000195330994,0.5663376197629537
2026-04-20,Oklahoma,Class II,0.9972,0.5562005824999999,0.634935629932,0.712779701
2026-04-20,Oregon,Class II,0.0245,0.32718841400000004,0.404944847591,0.48343076650000005
2026-04-20,Rhode Island,Class II,0.0165,0.321409828,0.39798413854,0.47503470949999993
2026-04-20,South Carolina,Class II,0.9935,0.526339960414635,0.5743229749013806,0.6228325598952582
2026-04-20,South Dakota,Class II,1,0.5893951809308017,0.6443678118276425,0.6991301805327333
2026-04-20,Tennessee,Class II,0.9969,0.549287439,0.625644640751,0.7014385034999999
2026-04-20,Texas,Class II,0.8857,0.4872557753552087,0.5367129473189796,0.5854434919675939
2026-04-20,Virginia,Class II,0.1415,0.3724629235,0.449661406297,0.525283104
2026-04-20,West Virginia,Class II,1,0.608074025,0.68625125456,0.7627587504999999
2026-04-20,Wyoming,Class II,1,0.6388201685,0.720909896081,0.802334565
2026-04-21,Alabama,Class II,0.9977,0.5608076635000001,0.639128933307,0.7181635329999999
2026-04-21,Alaska,Class II,0.8497,0.4804838578320691,0.5320029016720854,0.5828968708210538
2026-04-21,Arkansas,Class II,0.9958,0.576008339,0.707947663808,0.845616893
2026-04-21,Colorado,Class II,0.1535,0.3694679315,0.450812827144,0.5294970695
2026-04-21,Delaware,Class II,0.0253,0.3305711,0.408418520756,0.4856398965
2026-04-21,Florida,Class III,0.9021,0.48847161031413033,0.5426141783644663,0.5958950836151565
2026-04-21,Georgia,Class II,0.2324,0.42486000501896504,0.476867949206554,0.5288942582869397
2026-04-21,Idaho,Class II,1,0.6194942265000001,0.698489366012,0.7765439895
2026-04-21,Illinois,Class II,0.1469,0.3708488145,0.449243575523,0.5283293079999998
2026-04-21,Iowa,Class II,0.7841,0.47013123035494125,0.5277120156941398,0.5866752644478458
2026-04-21,Kansas,Class II,0.9624,0.5063538734999999,0.583491519797,0.6600321965
2026-04-21,Kentucky,Class II,0.9814,0.5225447289999999,0.603114333492,0.6824773599999999
2026-04-21,Louisiana,Class II,0.99,0.5356267565000001,0.615928451007,0.6978412089999999
2026-04-21,Maine,Class II,0.2468,0.4270571473028421,0.4781979601288939,0.5293333544791867
2026-04-21,Massachusetts,Class II,0,0.28805054705541,0.3423091878561301,0.39621928531013834
2026-04-21,Michigan,Class II,0.5595,0.4522806154198006,0.5048875562456375,0.558718712721736
2026-04-21,Minnesota,Class II,0.2437,0.4156924268725133,0.4748610515037259,0.5339278829041041
2026-04-21,Mississippi,Class II,0.9924,0.5393772920000001,0.616776197491,0.6974566259999999
2026-04-21,Montana,Class II,0.9564,0.5036338295,0.581847890709,0.6594829554999999
2026-04-21,Nebraska,Class II,0.9717,0.5084780299906905,0.5692932384368075,0.6288769035360933
2026-04-21,New Hampshire,Class II,0.2756,0.42762553470996834,0.48052945968471344,0.5337367969568613
2026-04-21,New Jersey,Class II,0.1024,0.3609072755,0.43989090231,0.516740026
2026-04-21,New Mexico,Class II,0.0992,0.3590196835,0.437894038568,0.5172450080000001
2026-04-21,North Carolina,Class II,0.3186,0.4317579298636431,0.4844939752620393,0.536834749563297
2026-04-21,Ohio,Class III,0.7898,0.471902082181324,0.5266339822749629,0.5803790449072559
2026-04-21,Oklahoma,Class II,0.9945,0.551417605,0.631413746721,0.7103392214999996
2026-04-21,Oregon,Class II,0.0205,0.32287828949999997,0.400737861888,0.4806790709999999
2026-04-21,Rhode Island,Class II,0.0152,0.3154710745,0.394172002425,0.4739696185
2026-04-21,South Carolina,Class II,0.9897,0.5192871002778873,0.5702320035794025,0.6219891416841992
2026-04-21,South Dakota,Class II,1,0.5843423466749212,0.6409863699650199,0.6974681547709491
2026-04-21,Tennessee,Class II,0.9942,0.5468552325,0.623312886942,0.6998708864999998
2026-04-21,Texas,Class II,0.849,0.4804908271042264,0.5325409913017111,0.5841440259527267
2026-04-21,Virginia,Class II,0.1254,0.3665982905,0.445294735622,0.5240410405
2026-04-21,West Virginia,Class II,1,0.6059307975,0.685446866072,0.762924718
2026-04-21,Wyoming,Class II,1,0.6313277455,0.716955013125,0.7992487185
2026-04-22,Alabama,Class II,0.9977,0.556002649,0.638340532618,0.7196236119999999
2026-04-22,Alaska,Class II,0.8377,0.4798357701975331,0.5308174802151958,0.5831772710800814
2026-04-22,Arkansas,Class II,0.9951,0.574748826,0.70817764216,0.846901232
2026-04-22,Colorado,Class II,0.1509,0.36917199,0.449911216121,0.5305710665000001
2026-04-22,Delaware,Class II,0.0245,0.3306024,0.407369582181,0.482957194
2026-04-22,Florida,Class III,0.8858,0.4855020632977527,0.5387718292275708,0.5928599670500774
2026-04-22,Georgia,Class II,0.2164,0.4211458360199818,0.47444632259825736,0.527668895320328
2026-04-22,Idaho,Class II,1,0.620131894,0.697899471149,0.7770491335
2026-04-22,Illinois,Class II,0.1318,0.370335212,0.448600084383,0.5262965605
2026-04-22,Iowa,Class II,0.7788,0.4689946355245974,0.5266332947033412,0.5833572042351723
2026-04-22,Kansas,Class II,0.9621,0.5057055915,0.583355401128,0.6589461905
2026-04-22,Kentucky,Class II,0.9823,0.523511065,0.602301428254,0.682184997
2026-04-22,Louisiana,Class II,0.9906,0.5370068659999999,0.615186128079,0.6953696014999999
2026-04-22,Maine,Class II,0.2225,0.4234996119711176,0.4755413195882137,0.5278024489484218
2026-04-22,Massachusetts,Class II,0,0.28684150293802885,0.3402742278349237,0.394107347970272
2026-04-22,Michigan,Class II,0.5597,0.45204727800908034,0.5047517465260322,0.5576737502589022
2026-04-22,Minnesota,Class II,0.2152,0.41222072362198614,0.4721982529582672,0.5327931708093141
2026-04-22,Mississippi,Class II,0.991,0.5389641535,0.615569252927,0.693196599
2026-04-22,Montana,Class II,0.9573,0.5033104989999999,0.581750884226,0.6605559645
2026-04-22,Nebraska,Class II,0.9668,0.5067006789184543,0.566790175916974,0.6255191606897664
2026-04-22,New Hampshire,Class II,0.2529,0.4233687074695279,0.47789365344230306,0.5313262972350358
2026-04-22,New Jersey,Class II,0.0952,0.361182505,0.438646946384,0.5176573520000001
2026-04-22,New Mexico,Class II,0.0954,0.3574378695,0.437110732914,0.51704854200000006
2026-04-22,North Carolina,Class II,0.3085,0.43029637599291554,0.48355274777170154,0.5361389096593095
2026-04-22,Ohio,Class III,0.7585,0.46741905536976,0.5237390098039159,0.5797641162286895
2026-04-22,Oklahoma,Class II,0.9957,0.5506790765,0.63118117518,0.708209063
2026-04-22,Oregon,Class II,0.0208,0.3216835925,0.400612756618,0.48146863449999994
2026-04-22,Rhode Island,Class II,0.0132,0.31353741050000006,0.393076820828,0.47413075349999995
2026-04-22,South Carolina,Class II,0.9839,0.5159925242918034,0.5672837415377002,0.6197021978157997
2026-04-22,South Dakota,Class II,1,0.580650123612913,0.637869192479703,0.6957624649651759
2026-04-22,Tennessee,Class II,0.9949,0.5450789695,0.622271838701,0.7000955974999999
2026-04-22,Texas,Class II,0.8288,0.4784282656408962,0.5302338391564875,0.5813611031504786
2026-04-22,Virginia,Class II,0.1169,0.3671073905,0.445034622049,0.524587055
2026-04-22,West Virginia,Class II,0.9997,0.604310191,0.68414519434,0.7628974049999999
2026-04-22,Wyoming,Class II,1,0.631103182,0.71621570012,0.7979084795000001
2026-04-23,Alabama,Class II,0.9975,0.557628537,0.638162083995,0.7194992805
2026-04-23,Alaska,Class II,0.8366,0.4790475379297576,0.5312977999213273,0.5829306878347446
2026-04-23,Arkansas,Class II,0.9967,0.5777454360000001,0.708889280704,0.8423138029999999
2026-04-23,Colorado,Class II,0.1586,0.368572468,0.450894067515,0.532947896
2026-04-23,Delaware,Class II,0.0268,0.333059995,0.408520215663,0.487201031
2026-04-23,Florida,Class III,0.8934,0.48609716185037666,0.5400503967515892,0.5928301449567324
2026-04-23,Georgia,Class II,0.2238,0.4236492369140936,0.47569105693741215,0.5278036904260663
2026-04-23,Idaho,Class II,0.9999,0.6218762605,0.699156719488,0.7767017365
2026-04-23,Illinois,Class II,0.1378,0.3695870065,0.449007547047,0.5278590965
2026-04-23,Iowa,Class II,0.7886,0.4699800839594888,0.5276651654616031,0.5847983257992886
2026-04-23,Kansas,Class II,0.9643,0.5078612469999999,0.584278623883,0.659874082
2026-04-23,Kentucky,Class II,0.9856,0.5244174325,0.602412368869,0.680123552
2026-04-23,Louisiana,Class II,0.9916,0.5348803885,0.61551707563,0.6948934325000001
2026-04-23,Maine,Class II,0.2383,0.4243564735248479,0.4769550461667277,0.5284897709486542
2026-04-23,Massachusetts,Class II,0,0.28687002428664854,0.34157973761058036,0.3945537486789288
2026-04-23,Michigan,Class II,0.5718,0.4520771709156282,0.5058627781686333,0.5593219553220495
2026-04-23,Minnesota,Class II,0.2323,0.41561937713831054,0.473813888871203,0.5336871571812565
2026-04-23,Mississippi,Class II,0.9926,0.5377534380000001,0.6158861271,0.6964679425
2026-04-23,Montana,Class II,0.9601,0.5053096145,0.582598727912,0.6609323579999998
2026-04-23,Nebraska,Class II,0.969,0.5077585324457445,0.5670141419482295,0.6268514024922298
2026-04-23,New Hampshire,Class II,0.2671,0.4255958812217279,0.4794488963888128,0.532885724739161
2026-04-23,New Jersey,Class II,0.1046,0.362037194,0.440322191844,0.519118175
2026-04-23,New Mexico,Class II,0.1024,0.35858580050000005,0.438316427267,0.5186251894999999
2026-04-23,North Carolina,Class II,0.3202,0.43242864913173007,0.4850616727546041,0.5383145020244532
2026-04-23,Ohio,Class III,0.7694,0.4694241580210071,0.5247002382375813,0.5793698658499281
2026-04-23,Oklahoma,Class II,0.9954,0.5523580174999999,0.63208428323,0.7099821365000001
2026-04-23,Oregon,Class II,0.0216,0.32126872900000003,0.401005693413,0.4812454839999999
2026-04-23,Rhode Island,Class II,0.0154,0.31382741350000004,0.393984112874,0.473709182
2026-04-23,South Carolina,Class II,0.9849,0.5164635328721702,0.5682375749043123,0.6203794168562904
2026-04-23,South Dakota,Class II,1,0.5829761020315434,0.6398662809329496,0.6961789816291318
2026-04-23,Tennessee,Class II,0.9952,0.5450178145,0.622302681173,0.700669028
2026-04-23,Texas,Class II,0.8455,0.4800221426320474,0.5315451844084683,0.5826320169087646
2026-04-23,Virginia,Class II,0.1264,0.3664528,0.445240691317,0.5249641535
2026-04-23,West Virginia,Class II,0.9998,0.6069094270000001,0.685549188767,0.7655555985
2026-04-23,Wyoming,Class II,1,0.631152966,0.716805422411,0.8000140265
2026-04-24,Alabama,Class II,0.9973,0.560507392,0.638802017622,0.716171853
2026-04-24,Alaska,Class II,0.8432,0.4809383993748604,0.5307447959430377,0.5812524481111861
2026-04-24,Arkansas,Class II,0.9952,0.580398783,0.712210210177,0.8413024019999998
2026-04-24,Colorado,Class II,0.1402,0.372615939,0.449450549507,0.5258782235
2026-04-24,Delaware,Class II,0.028,0.3300451445,0.410085852517,0.48717932699999994
2026-04-24,Florida,Class III,0.881,0.4846018088123677,0.5378484812084369,0.5906201208770421
2026-04-24,Georgia,Class II,0.2059,0.4221454916553982,0.4739369822552999,0.5249524378593072
2026-04-24,Idaho,Class II,1,0.6206573645,0.696431582434,0.7711914155
2026-04-24,Illinois,Class II,0.1612,0.3717364895,0.452523882673,0.5289322314999999
2026-04-24,Iowa,Class II,0.7797,0.4679370783513127,0.5261003805077846,0.5820714709967856
2026-04-24,Kansas,Class II,0.9649,0.5071278455,0.582223771641,0.655921278
2026-04-24,Kentucky,Class II,0.9848,0.5248729185,0.604364005439,0.680238296
2026-04-24,Louisiana,Class II,0.9916,0.5388819455,0.615891795779,0.6911144619999999
2026-04-24,Maine,Class II,0.2291,0.4236136461326191,0.476311515163017,0.528090538550512
2026-04-24,Massachusetts,Class II,2e-4,0.3041696854036853,0.36501448178620965,0.4261922185463529
2026-04-24,Michigan,Class II,0.5651,0.4509810292725758,0.5048849242156588,0.5578250630747309
2026-04-24,Minnesota,Class II,0.1999,0.4146471656931086,0.4716670503455636,0.527643801534691
2026-04-24,Mississippi,Class II,0.9921,0.5381272395,0.61569159813,0.6918093785
2026-04-24,Montana,Class II,0.9597,0.5052586800000001,0.581734113546,0.655859497
2026-04-24,Nebraska,Class II,0.9701,0.5076361950891072,0.5652641689704153,0.6226490175881724
2026-04-24,New Hampshire,Class II,0.1795,0.4174092976940076,0.47044388165300166,0.5237219486084268
2026-04-24,New Jersey,Class II,0.1074,0.362231798,0.44140108586,0.5187913549999998
2026-04-24,New Mexico,Class II,0.1043,0.360322631,0.440228844581,0.516829342
2026-04-24,North Carolina,Class II,0.2969,0.43187756198549615,0.483410565538425,0.5356916579797039
2026-04-24,Ohio,Class III,0.7655,0.4694505932192451,0.5242864644819129,0.5783372136411599
2026-04-24,Oklahoma,Class II,0.9956,0.550738316,0.62975218482,0.7076009090000001
2026-04-24,Oregon,Class II,0.0197,0.323051825,0.401958961147,0.479309837
2026-04-24,Rhode Island,Class II,0.0207,0.3148501785,0.398449334989,0.48111656699999994
2026-04-24,South Carolina,Class II,0.9822,0.5161115744695235,0.5667745367239992,0.6171190990802279
2026-04-24,South Dakota,Class II,1,0.5824217830321913,0.6382500872360004,0.6938396821512515
2026-04-24,Tennessee,Class II,0.996,0.5466018565,0.62474837153,0.700017938
2026-04-24,Texas,Class II,0.8335,0.4785032724686987,0.5301652256925099,0.5819234348038733
2026-04-24,Virginia,Class II,0.1265,0.3670274695,0.446603741767,0.5220764755
2026-04-24,West Virginia,Class II,0.9999,0.6079939859999999,0.687495699329,0.766270571
2026-04-24,Wyoming,Class II,1,0.6308162525,0.714080721461,0.7960042855
2026-04-25,Alabama,Class II,0.9977,0.557032183,0.637889931531,0.7174543645
2026-04-25,Alaska,Class II,0.8175,0.47736373555694867,0.5278939036376128,0.5790524248043571
2026-04-25,Arkansas,Class II,0.9952,0.5766598744999999,0.709001423184,0.8432774045
2026-04-25,Colorado,Class II,0.151,0.369203333,0.450322939657,0.530320457
2026-04-25,Delaware,Class II,0.0268,0.3275581165,0.406693346718,0.4859447685
2026-04-25,Florida,Class III,0.8774,0.48460274573725926,0.5374501528292863,0.5905888989434973
2026-04-25,Georgia,Class II,0.1959,0.42106116047258674,0.4731889159809909,0.5240743877227025
2026-04-25,Idaho,Class II,1,0.6193406285,0.697616758111,0.7758052395
2026-04-25,Illinois,Class II,0.1379,0.3701650465000001,0.448190924061,0.5276216534999999
2026-04-25,Iowa,Class II,0.7644,0.4667494190563721,0.5249978491756732,0.5825775424783476
2026-04-25,Kansas,Class II,0.9638,0.506255336,0.582622713263,0.659755751
2026-04-25,Kentucky,Class II,0.9803,0.5203460510000001,0.601084462823,0.6804471295
2026-04-25,Louisiana,Class II,0.9903,0.5344582449999999,0.61345845685,0.6919025085
2026-04-25,Maine,Class II,0.2006,0.4223036401212866,0.47399232411037107,0.5256633654478042
2026-04-25,Massachusetts,Class II,0,0.303185484288051,0.3621574800415242,0.4211851737214072
2026-04-25,Michigan,Class II,0.5429,0.4516453434382734,0.5032989412749369,0.5545253076819864
2026-04-25,Minnesota,Class II,0.1796,0.4143502462793062,0.46946783792125935,0.5246929920000591
2026-04-25,Mississippi,Class II,0.9933,0.5374464735,0.615029848798,0.6931243295
2026-04-25,Montana,Class II,0.9575,0.5032272575000001,0.580698795594,0.6579497555
2026-04-25,Nebraska,Class II,0.9578,0.5032188695055232,0.5637050907639657,0.6227491360089205
2026-04-25,New Hampshire,Class II,0.1607,0.4156403760370967,0.46820483980490646,0.5195951667414606
2026-04-25,New Jersey,Class II,0.1001,0.3602305,0.438150429027,0.5178591505
2026-04-25,New Mexico,Class II,0.0922,0.3569341414999999,0.436280674715,0.5167759999999999
2026-04-25,North Carolina,Class II,0.2811,0.4299135039059746,0.481612589590591,0.5337352253821842
2026-04-25,Ohio,Class III,0.7566,0.46846285619618033,0.5223905790827361,0.5748966549833588
2026-04-25,Oklahoma,Class II,0.9957,0.548021462,0.62948952216,0.708671541
2026-04-25,Oregon,Class II,0.0192,0.32025687750000004,0.399049652873,0.47719272699999993
2026-04-25,Rhode Island,Class II,0.0135,0.3140829215,0.392727500625,0.4716403025
2026-04-25,South Carolina,Class II,0.9832,0.5147559262158009,0.5654148636056024,0.614733678869337
2026-04-25,South Dakota,Class II,1,0.5810221674916486,0.6370188867651637,0.6936160568430687
2026-04-25,Tennessee,Class II,0.9935,0.5435167285,0.621815109867,0.6998708849999999
2026-04-25,Texas,Class II,0.8186,0.4768967937412663,0.5281921729048605,0.5787298464894588
2026-04-25,Virginia,Class II,0.1144,0.3640185085,0.442945143932,0.5230572949999999
2026-04-25,West Virginia,Class II,1,0.6048729065,0.683481730743,0.762056476
2026-04-25,Wyoming,Class II,0.9999,0.6285322710000001,0.715904358036,0.7994761525
2026-04-26,Alabama,Class II,0.996,0.5567373565,0.637750118882,0.7185313394999999
2026-04-26,Alaska,Class II,0.8227,0.47713419227858705,0.528755003698787,0.5808495089624521
2026-04-26,Arkansas,Class II,0.9953,0.5758931695,0.708812696588,0.8452044599999999
2026-04-26,Colorado,Class II,0.1477,0.36964082100000006,0.448863815087,0.529385597
2026-04-26,Delaware,Class II,0.0255,0.3271553055,0.406284229604,0.484160018
2026-04-26,Florida,Class III,0.873,0.48333210581907954,0.537005035661238,0.5914518680842654
2026-04-26,Georgia,Class II,0.2072,0.42001140823600447,0.473770013552044,0.5272291547029576
2026-04-26,Idaho,Class II,1,0.6212716599999999,0.697125767174,0.774545521
2026-04-26,Illinois,Class II,0.1274,0.3686540880000001,0.447018486595,0.5267176324999999
2026-04-26,Iowa,Class II,0.7619,0.4679036290660267,0.5245693166567506,0.5808702887263483
2026-04-26,Kansas,Class II,0.959,0.5036330095,0.581061693601,0.657197043
2026-04-26,Kentucky,Class II,0.9802,0.5206495705,0.601364929752,0.6800210485
2026-04-26,Louisiana,Class II,0.9881,0.5348730460000001,0.614422192046,0.6937008594999999
2026-04-26,Maine,Class II,0.2023,0.42249951274384534,0.47423475660609105,0.5265963236899244
2026-04-26,Massachusetts,Class II,0,0.30175076916913596,0.3611872154011726,0.42128050113712245
2026-04-26,Michigan,Class II,0.5457,0.4511305483985899,0.503279661209518,0.5565281547492181
2026-04-26,Minnesota,Class II,0.1872,0.41349886932754026,0.46992025187198205,0.5252952871241026
2026-04-26,Mississippi,Class II,0.9908,0.536673412,0.614778557185,0.6914578935
2026-04-26,Montana,Class II,0.9539,0.502124021,0.580874249764,0.657911514
2026-04-26,Nebraska,Class II,0.9651,0.5052348853756534,0.5651526640485309,0.6252392170140956
2026-04-26,New Hampshire,Class II,0.1621,0.41462382396291886,0.4676307890208362,0.5212306994622161
2026-04-26,New Jersey,Class II,0.0958,0.358425081,0.43789649513,0.517151078
2026-04-26,New Mexico,Class II,0.0913,0.35864315700000005,0.436054306186,0.5151761215
2026-04-26,North Carolina,Class II,0.2815,0.4270395700453223,0.4811956364386099,0.5347221248814428
2026-04-26,Ohio,Class III,0.7488,0.4674672057638484,0.5219369025066609,0.5763104039661187
2026-04-26,Oklahoma,Class II,0.994,0.5496959745000001,0.630641846478,0.7092582085
2026-04-26,Oregon,Class II,0.0166,0.318392683,0.398823833614,0.477719395
2026-04-26,Rhode Island,Class II,0.0137,0.3125636295,0.391694495935,0.47180832249999993
2026-04-26,South Carolina,Class II,0.9812,0.5143261633251532,0.5656072593178068,0.6180010365206359
2026-04-26,South Dakota,Class II,1,0.580370770488975,0.6375997047034602,0.6941383350819389
2026-04-26,Tennessee,Class II,0.9927,0.5429501775000001,0.621403866488,0.6982937115000001
2026-04-26,Texas,Class II,0.8276,0.4784154776720749,0.5292145819190678,0.5806233970917559
2026-04-26,Virginia,Class II,0.1126,0.3656693885,0.442902763977,0.5197983119999999
2026-04-26,West Virginia,Class II,0.9997,0.6059123655,0.68393547063,0.7636238289999999
2026-04-26,Wyoming,Class II,1,0.6287858989999999,0.715157165425,0.7989292875
2026-04-27,Alabama,Class II,0.9966,0.5541929194999999,0.634935614061,0.7159474014999998
2026-04-27,Alaska,Class II,0.8142,0.4772106334576902,0.5280223443289289,0.5790454004628676
2026-04-27,Arkansas,Class II,0.9926,0.556545575,0.699750660053,0.8413447399999999
2026-04-27,Colorado,Class II,0.1494,0.37091175,0.450729238129,0.5306306295
2026-04-27,Delaware,Class II,0.0215,0.32816735649999995,0.405581479933,0.4820101989999998
2026-04-27,Florida,Class III,0.8717,0.4832391042711235,0.537055118934016,0.5908398309152285
2026-04-27,Georgia,Class II,0.1985,0.42232633239896034,0.47325685016016966,0.5244891856210012
2026-04-27,Idaho,Class II,0.9999,0.619018955,0.696634623213,0.7735960104999999
2026-04-27,Illinois,Class II,0.1339,0.368523257,0.447263530271,0.5261848585
2026-04-27,Iowa,Class II,0.7651,0.4681984796877341,0.5247780484841382,0.5816096765878265
2026-04-27,Kansas,Class II,0.9605,0.5050698035,0.581401915368,0.6560277409999999
2026-04-27,Kentucky,Class II,0.9829,0.522778545,0.600544894973,0.677958219
2026-04-27,Louisiana,Class II,0.9892,0.5328666405,0.611974816524,0.6917309610000001
2026-04-27,Maine,Class II,0.201,0.42309198675170095,0.4737146670766484,0.5259976357348485
2026-04-27,Massachusetts,Class II,1e-4,0.30210517724235547,0.3613950021997062,0.4211123490284029
2026-04-27,Michigan,Class II,0.5329,0.4508166455118413,0.5026511637814478,0.5548184262184985
2026-04-27,Minnesota,Class II,0.181,0.41420871747864463,0.4693414868960615,0.5243168182295588
2026-04-27,Mississippi,Class II,0.992,0.5356217585,0.613232163929,0.6908503535
2026-04-27,Montana,Class II,0.9553,0.502718319,0.580501013401,0.6573624764999999
2026-04-27,Nebraska,Class II,0.9645,0.5054792130282035,0.5646078776741561,0.6235421077744269
2026-04-27,New Hampshire,Class II,0.1564,0.414757962644554,0.46797918423553486,0.5207000807033043
2026-04-27,New Jersey,Class II,0.0957,0.361261745,0.438648308514,0.5163422295
2026-04-27,New Mexico,Class II,0.0906,0.35695885899999996,0.436090301532,0.5148204759999999
2026-04-27,North Carolina,Class II,0.2776,0.4288483994097336,0.481138218796526,0.5331523911828492
2026-04-27,Ohio,Class III,0.7407,0.4661079380901184,0.5209317985444613,0.5752547047945903
2026-04-27,Oklahoma,Class II,0.996,0.548364308,0.62905728069,0.7077882839999999
2026-04-27,Oregon,Class II,0.0194,0.31921101949999997,0.399220378873,0.479295016
2026-04-27,Rhode Island,Class II,0.0131,0.31384609099999994,0.391865554309,0.471170589
2026-04-27,South Carolina,Class II,0.9833,0.5146374402095117,0.5654806293812564,0.6166630766774724
2026-04-27,South Dakota,Class II,1,0.5803336191555013,0.6368710039717325,0.6933704646737379
2026-04-27,Tennessee,Class II,0.9945,0.5440179155,0.6211584287,0.698377148
2026-04-27,Texas,Class II,0.8177,0.477865569793742,0.5281156717195783,0.5792971228283024
2026-04-27,Virginia,Class II,0.1093,0.365979557,0.442733304186,0.51968434
2026-04-27,West Virginia,Class II,1,0.605341105,0.682532134383,0.7616330984999999
2026-04-27,Wyoming,Class II,0.9999,0.627377864,0.713248105046,0.7963223200000001
2026-04-28,Alabama,Class II,0.9963,0.555419535,0.633033984506,0.714617414
2026-04-28,Alaska,Class II,0.827,0.4785517983370758,0.528770918142199,0.5789650139910922
2026-04-28,Arkansas,Class II,0.9886,0.533032716,0.674252719151,0.830908526
2026-04-28,Colorado,Class II,0.1426,0.3745656590000001,0.450381015461,0.5281577969999999
2026-04-28,Delaware,Class II,0.0217,0.3331017505,0.408482112402,0.4838332765
2026-04-28,Florida,Class III,0.9052,0.4904684634994824,0.5414395568741504,0.5927452707003991
2026-04-28,Georgia,Class II,0.2202,0.4257716445685968,0.47613935889996734,0.5277185363902739
2026-04-28,Idaho,Class II,0.9999,0.6071764640000001,0.688792893469,0.7717867549999999
2026-04-28,Illinois,Class II,0.1589,0.3770355195,0.45428410482,0.529159408
2026-04-28,Iowa,Class II,0.814,0.47434646447612666,0.5300629277910051,0.5851580530592015
2026-04-28,Kansas,Class II,0.9717,0.513289845,0.58536157014,0.657296832
2026-04-28,Kentucky,Class II,0.9806,0.5210401855,0.597352560911,0.6756841774999998
2026-04-28,Louisiana,Class II,0.9924,0.5333820005000001,0.610207433413,0.6902345349999999
2026-04-28,Maine,Class II,0.2148,0.4246139066007467,0.4758835834768048,0.5263985845176263
2026-04-28,Massachusetts,Class II,1e-4,0.30417771835499335,0.3626985166211956,0.4205108102513029
2026-04-28,Michigan,Class II,0.5815,0.45582744207151393,0.5066432221623586,0.5577906259109974
2026-04-28,Minnesota,Class II,0.2171,0.4202274653217451,0.4738508585433964,0.5270800104579964
2026-04-28,Mississippi,Class II,0.992,0.5334089265,0.609095293896,0.6877162079999999
2026-04-28,Montana,Class II,0.965,0.5087506165000001,0.584848321709,0.660441963
2026-04-28,Nebraska,Class II,0.9744,0.5106200390050843,0.5688391212760691,0.6258653966870205
2026-04-28,New Hampshire,Class II,0.1696,0.4186699659384536,0.4699444134520416,0.5223189114853548
2026-04-28,New Jersey,Class II,0.0929,0.3662872625,0.439935072422,0.5155082725
2026-04-28,New Mexico,Class II,0.0762,0.35656556799999994,0.432525941255,0.509883927
2026-04-28,North Carolina,Class II,0.3195,0.43421377303350905,0.4854959882540584,0.5371430842125295
2026-04-28,Ohio,Class III,0.7936,0.47176435386977145,0.5256995769898635,0.5788730945280234
2026-04-28,Oklahoma,Class II,0.9973,0.557131889,0.633825718149,0.7081690820000001
2026-04-28,Oregon,Class II,0.0157,0.3237482125,0.39908389999,0.4750450665
2026-04-28,Rhode Island,Class II,0.0104,0.31612148500000004,0.390656548686,0.4672429745
2026-04-28,South Carolina,Class II,0.9877,0.517153545930955,0.5672232946706531,0.6170213994394156
2026-04-28,South Dakota,Class II,1,0.5853433896644703,0.639058829639927,0.6940917960646114
2026-04-28,Tennessee,Class II,0.9945,0.5387995725000001,0.61563506605,0.6952534044999998
2026-04-28,Texas,Class II,0.7078,0.4655802053214307,0.5175808283375131,0.5699965566144237
2026-04-28,Virginia,Class II,0.1097,0.370000122,0.443815174576,0.5201921194999999
2026-04-28,West Virginia,Class II,0.9999,0.5958542745000001,0.675176108995,0.7565467529999997
2026-04-28,Wyoming,Class II,1,0.6272885970000001,0.709499208671,0.794741213
2026-04-29,Alabama,Class II,0.9939,0.5407269485,0.617450772183,0.6939574345
2026-04-29,Alaska,Class II,0.7177,0.46693675855400546,0.5176386670363582,0.5671163100803605
2026-04-29,Arkansas,Class II,0.994,0.57714252,0.710440076851,0.8441350245
2026-04-29,Colorado,Class II,0.0517,0.3495527285,0.42585644724,0.5010820574999999
2026-04-29,Delaware,Class II,0.0158,0.3227940955,0.399215843678,0.474686372
2026-04-29,Florida,Class III,0.8438,0.47872586280437424,0.5321647231545735,0.5842187697788598
2026-04-29,Georgia,Class II,0.1541,0.4163039780886291,0.468297815610524,0.5199751351822309
2026-04-29,Idaho,Class II,0.9997,0.5993673605,0.671722033583,0.7456704814999999
2026-04-29,Illinois,Class II,0.0812,0.35725935799999997,0.434878359451,0.5106690249999999
2026-04-29,Iowa,Class II,0.7187,0.46285273768749896,0.519388000476598,0.5764009587128612
2026-04-29,Kansas,Class II,0.9604,0.5048874045,0.576789743184,0.652263086
2026-04-29,Kentucky,Class II,0.9933,0.538693726,0.618029432406,0.6952659749999998
2026-04-29,Louisiana,Class II,0.9819,0.5221907650000001,0.600322291704,0.6764424735
2026-04-29,Maine,Class II,0.21,0.424052294819546,0.47482711282632367,0.5249898925001655
2026-04-29,Massachusetts,Class II,0,0.29812858467782716,0.35699923558916413,0.4152723005409986
2026-04-29,Michigan,Class II,0.45,0.4427007400944849,0.49563852838325256,0.5471860717260877
2026-04-29,Minnesota,Class II,0.1363,0.4068793423069502,0.462482267971322,0.5176011962400581
2026-04-29,Mississippi,Class II,0.9831,0.5226598185,0.597100366375,0.6707174730000001
2026-04-29,Montana,Class II,0.9382,0.4943425535,0.572211309867,0.6486103499999999
2026-04-29,Nebraska,Class II,0.9661,0.5060480275593158,0.5643606198297068,0.6229665084902147
2026-04-29,New Hampshire,Class II,0.1225,0.4100109252870018,0.4629365404654578,0.515442183340812
2026-04-29,New Jersey,Class II,0.0654,0.35538883899999996,0.431324285086,0.5066418515000001
2026-04-29,New Mexico,Class II,0.1079,0.367055959,0.443757613919,0.5200692805
2026-04-29,North Carolina,Class II,0.2208,0.42227081814334266,0.47536935537444297,0.5279599064917853
2026-04-29,Ohio,Class III,0.6685,0.45958900376793554,0.513761950929428,0.5668307482029364
2026-04-29,Oklahoma,Class II,0.9935,0.5422862635,0.622377943831,0.7004558104999999
2026-04-29,Oregon,Class II,0.0195,0.32888399549999997,0.403982372218,0.4794099265
2026-04-29,Rhode Island,Class II,0.0075,0.31171269549999997,0.386797697139,0.4633079955
2026-04-29,South Carolina,Class II,0.9764,0.5101695713034073,0.5596040469564652,0.6085523081484222
2026-04-29,South Dakota,Class II,0.9999,0.5785179378307564,0.6345179113395264,0.6905893877695454
2026-04-29,Tennessee,Class II,0.9986,0.5694795245000001,0.643640158563,0.7163865540000001
2026-04-29,Texas,Class II,0.766,0.47008909072460614,0.5229318285247044,0.5749307319226266
2026-04-29,Virginia,Class II,0.0903,0.362236837,0.437322905298,0.513853055
2026-04-29,West Virginia,Class II,0.9999,0.632950422,0.707420822174,0.7811752625
2026-04-29,Wyoming,Class II,1,0.6112948425,0.695953500679,0.7789722039999999
2026-04-30,Alabama,Class II,0.9939,0.539952192,0.617631282359,0.693529513
2026-04-30,Alaska,Class II,0.7168,0.46740041895456264,0.5173903435527457,0.5673916437906573
2026-04-30,Arkansas,Class II,0.9964,0.5776377449999999,0.708837649043,0.844443074
2026-04-30,Colorado,Class II,0.0545,0.34873858,0.425510872571,0.5023207015
2026-04-30,Delaware,Class II,0.0172,0.3245424045,0.39837766568,0.4751749065
2026-04-30,Florida,Class III,0.834,0.4787601433838716,0.5309915624504691,0.5822456036472571
2026-04-30,Georgia,Class II,0.1454,0.4160842486770163,0.46740662064215793,0.5176741249745755
2026-04-30,Idaho,Class II,0.9998,0.5949885069999999,0.670927311326,0.7460967114999999
2026-04-30,Illinois,Class II,0.0825,0.358412756,0.434937865853,0.511625067
2026-04-30,Iowa,Class II,0.7045,0.46118005106385435,0.5182824685881404,0.5735977580822539
2026-04-30,Kansas,Class II,0.9536,0.5014459874999999,0.577075906949,0.6511472229999999
2026-04-30,Kentucky,Class II,0.9933,0.5413121155000001,0.618403942053,0.6974682994999999
2026-04-30,Louisiana,Class II,0.9823,0.5213732739999999,0.598994616265,0.6756349924999999
2026-04-30,Maine,Class II,0.1859,0.42321466166007754,0.4730948393647592,0.5230654975930152
2026-04-30,Massachusetts,Class II,0,0.29831089431586394,0.35610840894073165,0.41317148533346265
2026-04-30,Michigan,Class II,0.4319,0.442655387824021,0.4944098486155056,0.5465395303850155
2026-04-30,Minnesota,Class II,0.1218,0.4061089547511412,0.46115316016778063,0.5162668812216347
2026-04-30,Mississippi,Class II,0.9842,0.522194038,0.595485607195,0.670746642
2026-04-30,Montana,Class II,0.9385,0.495011579,0.571209713486,0.647281916
2026-04-30,Nebraska,Class II,0.9586,0.5031157017870093,0.5623562658854456,0.621350626994449
2026-04-30,New Hampshire,Class II,0.1173,0.4099338333667256,0.4621965686975405,0.5143496561350852
2026-04-30,New Jersey,Class II,0.0643,0.355150906,0.429906374072,0.506523128
2026-04-30,New Mexico,Class II,0.1075,0.366836046,0.442784021241,0.5185751565
2026-04-30,North Carolina,Class II,0.2048,0.4219856722002456,0.4739897355426312,0.5255601802678707
2026-04-30,Ohio,Class III,0.6538,0.4587019877637987,0.513048134169901,0.5679126122868533
2026-04-30,Oklahoma,Class II,0.9913,0.543535287,0.622224349866,0.6998945705000001
2026-04-30,Oregon,Class II,0.0207,0.32793502350000003,0.403986369853,0.4796105819999999
2026-04-30,Rhode Island,Class II,0.0061,0.310122431,0.385889635444,0.46232285
2026-04-30,South Carolina,Class II,0.9726,0.5089995679199378,0.558964062480021,0.6089975664478271
2026-04-30,South Dakota,Class II,1,0.5780937791808312,0.6324819472771926,0.6872527693366274
2026-04-30,Tennessee,Class II,0.9993,0.5681801430000001,0.643115760734,0.7169130289999999
2026-04-30,Texas,Class II,0.7508,0.46952590347999223,0.5215155791932056,0.5737043424644184
2026-04-30,Virginia,Class II,0.0821,0.36085378,0.435950200337,0.5116861695
2026-04-30,West Virginia,Class II,1,0.6308684575,0.706429550347,0.7805179044999999
2026-04-30,Wyoming,Class II,0.9997,0.6122340705,0.69544502961,0.776769326
2026-05-01,Alabama,Class II,0.9909,0.534140798,0.613005352172,0.6910245865
2026-05-01,Alaska,Class II,0.6456,0.46176794630707607,0.5117516084737932,0.5628993699193364
2026-05-01,Arkansas,Class II,0.9924,0.5703396949999999,0.706655054004,0.841995183
2026-05-01,Colorado,Class II,0.0416,0.3422746425,0.419980432928,0.4965704334999999
2026-05-01,Delaware,Class II,0.013,0.31703658700000004,0.393979343465,0.4706378405
2026-05-01,Florida,Class III,0.7826,0.47208066737467913,0.5253740624775403,0.5783216624917865
2026-05-01,Georgia,Class II,0.1136,0.4100365499029244,0.4616372626750449,0.514182696879179
2026-05-01,Idaho,Class II,0.9998,0.5911086274999999,0.66724287072,0.7416222424999999
2026-05-01,Illinois,Class II,0.0695,0.35098683199999997,0.430196091082,0.507296018
2026-05-01,Iowa,Class II,0.6493,0.4562516639764312,0.51305993632243585,0.5700545596286073
2026-05-01,Kansas,Class II,0.9438,0.4970933615,0.572605303115,0.6460037155
2026-05-01,Kentucky,Class II,0.9902,0.5342038225,0.613161250849,0.6922112265
2026-05-01,Louisiana,Class II,0.9772,0.5176097245,0.595246329814,0.6727604110000001
2026-05-01,Maine,Class II,0.1585,0.41720920676951,0.46865548003686214,0.5201689734213031
2026-05-01,Massachusetts,Class II,0,0.2920469672455622,0.35057579664340516,0.40906757952708733
2026-05-01,Michigan,Class II,0.3659,0.43644799440098975,0.4892094380309513,0.5425393751304924
2026-05-01,Minnesota,Class II,0.0947,0.3993761090360275,0.45596223853568346,0.5125783475732303
2026-05-01,Mississippi,Class II,0.9774,0.5171894850000001,0.592235403846,0.6679286225
2026-05-01,Montana,Class II,0.923,0.489576311,0.566434783663,0.6437484425
2026-05-01,Nebraska,Class II,0.9481,0.49914878158422377,0.5573797099685249,0.6158039850037174
2026-05-01,New Hampshire,Class II,0.0931,0.4037191688045127,0.4572125512134582,0.5103625227938843
2026-05-01,New Jersey,Class II,0.057,0.347304312,0.425095023625,0.5032335259999998
2026-05-01,New Mexico,Class II,0.0923,0.3581521369999999,0.437560068931,0.5161423745
2026-05-01,North Carolina,Class II,0.1614,0.41500043401322384,0.46790647528990503,0.5205650156609878
2026-05-01,Ohio,Class III,0.5867,0.452153988367654,0.5069002167117771,0.5615623333761826
2026-05-01,Oklahoma,Class II,0.9902,0.5364345155,0.61750709747,0.695834489
2026-05-01,Oregon,Class II,0.0168,0.3227906835,0.399570394227,0.477027598
2026-05-01,Rhode Island,Class II,0.0051,0.3040116655,0.381727103096,0.458857137
2026-05-01,South Carolina,Class II,0.9619,0.5042717648349337,0.5535969934704591,0.6030467221052095
2026-05-01,South Dakota,Class II,0.9999,0.573016138874201,0.628453800722659,0.6834883109605325
2026-05-01,Tennessee,Class II,0.9982,0.5647904060000001,0.63948454241,0.714216027
2026-05-01,Texas,Class II,0.7005,0.4640256188927509,0.5165384893114943,0.5696020118133557
2026-05-01,Virginia,Class II,0.0726,0.3534060375,0.43192339913,0.5073385874999999
2026-05-01,West Virginia,Class II,1,0.6275765369999999,0.703285634765,0.7798191060000002
2026-05-01,Wyoming,Class II,0.9997,0.6052242625,0.690737625013,0.7749758154999999
2026-05-02,Alabama,Class II,0.9887,0.5314902365,0.613188445213,0.6922363125
2026-05-02,Alaska,Class II,0.6281,0.45920145928722766,0.5103045040332952,0.5617612393670155
2026-05-02,Arkansas,Class II,0.9933,0.5701837860000001,0.703681979349,0.8395712639999999
2026-05-02,Colorado,Class II,0.041,0.3417646815,0.419889815377,0.49607788
2026-05-02,Delaware,Class II,0.0112,0.31710211650000003,0.393320798776,0.4704154555
2026-05-02,Florida,Class III,0.7718,0.47135594534085434,0.5235971730940434,0.5758824480549181
2026-05-02,Georgia,Class II,0.1007,0.4077737563190823,0.45971449136933984,0.5116168560449318
2026-05-02,Idaho,Class II,0.9999,0.5898683215,0.667273670106,0.7436967879999999
2026-05-02,Illinois,Class II,0.0685,0.348947202,0.428778253827,0.5077114684999999
2026-05-02,Iowa,Class II,0.6206,0.45456271682584,0.5108227305756778,0.5662036251780437
2026-05-02,Kansas,Class II,0.9448,0.497537816,0.573248349283,0.6485069444999999
2026-05-02,Kentucky,Class II,0.989,0.5347126555,0.613228305412,0.692513964
2026-05-02,Louisiana,Class II,0.9744,0.5149020464999999,0.59420147705,0.6706576055
2026-05-02,Maine,Class II,0.1451,0.4160821907573019,0.46694302667409504,0.5167693330346286
2026-05-02,Massachusetts,Class II,0,0.2915529199732516,0.3493430624787729,0.4078548220608742
2026-05-02,Michigan,Class II,0.3461,0.43554813448671414,0.48747269114603137,0.5403902784122508
2026-05-02,Minnesota,Class II,0.0862,0.3987989198640145,0.4542132768923961,0.5092532602929529
2026-05-02,Mississippi,Class II,0.9752,0.5153208174999999,0.592241614135,0.668114556
2026-05-02,Montana,Class II,0.9176,0.4873329955,0.565760579639,0.643021285
2026-05-02,Nebraska,Class II,0.9389,0.4959893966560773,0.5558223699659706,0.615207933236468
2026-05-02,New Hampshire,Class II,0.0837,0.4026604457577566,0.4552634084489783,0.5090359644765734
2026-05-02,New Jersey,Class II,0.0497,0.347258686,0.424434135359,0.4999087665
2026-05-02,New Mexico,Class II,0.0978,0.36137775000000005,0.438293549334,0.5165056419999999
2026-05-02,North Carolina,Class II,0.1457,0.4140255908262938,0.4664384561438205,0.5186020578203161
2026-05-02,Ohio,Class III,0.5694,0.45096722848891735,0.5055963059367733,0.5599565384936042
2026-05-02,Oklahoma,Class II,0.9891,0.534783011,0.616704548483,0.695541771
2026-05-02,Oregon,Class II,0.015,0.3225864585,0.39882284606,0.4749052895
2026-05-02,Rhode Island,Class II,0.0047,0.304571576,0.381119998293,0.4586656385
2026-05-02,South Carolina,Class II,0.9586,0.5026051970925397,0.5524767127522445,0.6031652699489274
2026-05-02,South Dakota,Class II,0.9999,0.5706391377096635,0.6264259352762273,0.6819166903167649
2026-05-02,Tennessee,Class II,0.9991,0.5651472394999999,0.638505057295,0.7139497905
2026-05-02,Texas,Class II,0.6826,0.4613833408967139,0.5149121468836864,0.5673584716935289
2026-05-02,Virginia,Class II,0.0693,0.35392597550000005,0.431326667516,0.5081952395
2026-05-02,West Virginia,Class II,1,0.6270635099999999,0.702448623947,0.77824003
2026-05-02,Wyoming,Class II,0.9997,0.6030413320000001,0.690165542671,0.7737388364999997
2026-05-03,Alabama,Class II,0.9923,0.5381497574999999,0.618943177105,0.6957895375
2026-05-03,Alaska,Class II,0.678,0.4635103649510833,0.5139110050848952,0.5635665835383333
2026-05-03,Arkansas,Class II,0.996,0.5747638925,0.718633842041,0.8467740524999999
2026-05-03,Colorado,Class II,0.048,0.34689096,0.423845236581,0.499154218
2026-05-03,Delaware,Class II,0.0125,0.32132183550000004,0.397576174015,0.470905429
2026-05-03,Florida,Class III,0.8204,0.47629672383647487,0.528678121774629,0.5799948685521579
2026-05-03,Georgia,Class II,0.128,0.41385676010186684,0.46441097161780254,0.5156451079240717
2026-05-03,Idaho,Class II,0.9997,0.595043263,0.669591190014,0.7424390404999999
2026-05-03,Illinois,Class II,0.088,0.35527737950000005,0.435195149144,0.5143875314999999
2026-05-03,Iowa,Class II,0.684,0.4598168468694555,0.5166231507087072,0.5729895836658124
2026-05-03,Kansas,Class II,0.9549,0.5020390364999999,0.575817811409,0.6475378114999999
2026-05-03,Kentucky,Class II,0.9931,0.5403056654999999,0.618554459518,0.6954506015
2026-05-03,Louisiana,Class II,0.9803,0.5213527124999999,0.599118916664,0.6731104804999999
2026-05-03,Maine,Class II,0.1721,0.4206494976407451,0.47103512665978947,0.5217494758895814
2026-05-03,Massachusetts,Class II,0,0.29431842169961303,0.3531590203859202,0.41036480887108384
2026-05-03,Michigan,Class II,0.4054,0.43889313533808383,0.4921344662582757,0.5439251919187296
2026-05-03,Minnesota,Class II,0.1151,0.4028584020556427,0.4590899575544108,0.5147872963410027
2026-05-03,Mississippi,Class II,0.9794,0.519619166,0.594671872904,0.6680237775000002
2026-05-03,Montana,Class II,0.9347,0.4924425835,0.572046751802,0.647979357
2026-05-03,Nebraska,Class II,0.953,0.5012507757798982,0.5616066989867806,0.6198105253708455
2026-05-03,New Hampshire,Class II,0.10780000000000001,0.40632875340242003,0.4601317278831473,0.5127629596734226
2026-05-03,New Jersey,Class II,0.0593,0.35454745049999997,0.429749716838,0.5038624825
2026-05-03,New Mexico,Class II,0.1061,0.36688474449999997,0.442838750904,0.5184866685
2026-05-03,North Carolina,Class II,0.175,0.4198967773068462,0.4708017083763444,0.5230753339843933
2026-05-03,Ohio,Class III,0.6273,0.4551635261559624,0.5100419056168162,0.5629040380832305
2026-05-03,Oklahoma,Class II,0.9917,0.539585052,0.622103054477,0.6997477719999999
2026-05-03,Oregon,Class II,0.0151,0.329170482,0.403433559538,0.477322751
2026-05-03,Rhode Island,Class II,0.0058,0.30745461450000006,0.386141775178,0.4620201195
2026-05-03,South Carolina,Class II,0.966,0.5053852366819147,0.5559806185033342,0.606209206839392
2026-05-03,South Dakota,Class II,1,0.5739741380849119,0.6301860920246471,0.6846599874840658
2026-05-03,Tennessee,Class II,0.9993,0.5667923344999999,0.642405200326,0.715375764
2026-05-03,Texas,Class II,0.7383,0.46818283397193877,0.5201490198941642,0.5728106366692856
2026-05-03,Virginia,Class II,0.0786,0.35945420250000004,0.435995686877,0.5098149984999999
2026-05-03,West Virginia,Class II,0.9999,0.6312578925,0.70500463667,0.7780502575000001
2026-05-03,Wyoming,Class II,0.9998,0.610856822,0.693061399866,0.7729933889999998
