party,margin_diff,seats,prob
rep,-0.1,38,5e-4
rep,-0.1,39,0.0075
rep,-0.1,40,0.0445
rep,-0.1,41,0.1172
rep,-0.1,42,0.2185
rep,-0.1,43,0.2595
rep,-0.1,44,0.1899
rep,-0.1,45,0.1069
rep,-0.1,46,0.0417
rep,-0.1,47,0.0108
rep,-0.1,48,0.0023
rep,-0.1,49,6e-4
rep,-0.1,50,1e-4
rep,-0.09000000000000001,38,1e-4
rep,-0.09000000000000001,39,0.0025
rep,-0.09000000000000001,40,0.0164
rep,-0.09000000000000001,41,0.0742
rep,-0.09000000000000001,42,0.1677
rep,-0.09000000000000001,43,0.2457
rep,-0.09000000000000001,44,0.2416
rep,-0.09000000000000001,45,0.1497
rep,-0.09000000000000001,46,0.0698
rep,-0.09000000000000001,47,0.0248
rep,-0.09000000000000001,48,0.0062
rep,-0.09000000000000001,49,0.0011
rep,-0.09000000000000001,50,1e-4
rep,-0.09000000000000001,51,1e-4
rep,-0.08,39,0.0012
rep,-0.08,40,0.0084
rep,-0.08,41,0.036
rep,-0.08,42,0.107
rep,-0.08,43,0.2166
rep,-0.08,44,0.2528
rep,-0.08,45,0.2045
rep,-0.08,46,0.1108
rep,-0.08,47,0.0455
rep,-0.08,48,0.0137
rep,-0.08,49,0.0029
rep,-0.08,50,3e-4
rep,-0.08,51,2e-4
rep,-0.08,52,1e-4
rep,-0.07,39,1e-4
rep,-0.07,40,0.0027
rep,-0.07,41,0.0153
rep,-0.07,42,0.0684
rep,-0.07,43,0.1586
rep,-0.07,44,0.2361
rep,-0.07,45,0.2361
rep,-0.07,46,0.1696
rep,-0.07,47,0.077
rep,-0.07,48,0.0267
rep,-0.07,49,0.0076
rep,-0.07,50,0.0012
rep,-0.07,51,5e-4
rep,-0.07,52,1e-4
rep,-0.060000000000000005,40,8e-4
rep,-0.060000000000000005,41,0.0056
rep,-0.060000000000000005,42,0.0293
rep,-0.060000000000000005,43,0.1058
rep,-0.060000000000000005,44,0.1891
rep,-0.060000000000000005,45,0.2407
rep,-0.060000000000000005,46,0.2187
rep,-0.060000000000000005,47,0.1333
rep,-0.060000000000000005,48,0.0536
rep,-0.060000000000000005,49,0.0176
rep,-0.060000000000000005,50,0.0049
rep,-0.060000000000000005,51,5e-4
rep,-0.060000000000000005,52,1e-4
rep,-0.05,40,2e-4
rep,-0.05,41,0.0017
rep,-0.05,42,0.0142
rep,-0.05,43,0.0538
rep,-0.05,44,0.1388
rep,-0.05,45,0.2312
rep,-0.05,46,0.2429
rep,-0.05,47,0.1834
rep,-0.05,48,0.089
rep,-0.05,49,0.0329
rep,-0.05,50,0.0094
rep,-0.05,51,0.0021
rep,-0.05,52,2e-4
rep,-0.05,53,1e-4
rep,-0.05,54,1e-4
rep,-0.04000000000000001,39,1e-4
rep,-0.04000000000000001,41,7e-4
rep,-0.04000000000000001,42,0.006
rep,-0.04000000000000001,43,0.0274
rep,-0.04000000000000001,44,0.0868
rep,-0.04000000000000001,45,0.1737
rep,-0.04000000000000001,46,0.2511
rep,-0.04000000000000001,47,0.2221
rep,-0.04000000000000001,48,0.1402
rep,-0.04000000000000001,49,0.0627
rep,-0.04000000000000001,50,0.0236
rep,-0.04000000000000001,51,0.0044
rep,-0.04000000000000001,52,0.001
rep,-0.04000000000000001,53,2e-4
rep,-0.03,41,3e-4
rep,-0.03,42,0.0012
rep,-0.03,43,0.0101
rep,-0.03,44,0.0413
rep,-0.03,45,0.123
rep,-0.03,46,0.2167
rep,-0.03,47,0.2476
rep,-0.03,48,0.1934
rep,-0.03,49,0.109
rep,-0.03,50,0.0407
rep,-0.03,51,0.0137
rep,-0.03,52,0.0026
rep,-0.03,53,4e-4
rep,-0.020000000000000004,42,2e-4
rep,-0.020000000000000004,43,0.0043
rep,-0.020000000000000004,44,0.0218
rep,-0.020000000000000004,45,0.073
rep,-0.020000000000000004,46,0.1579
rep,-0.020000000000000004,47,0.24
rep,-0.020000000000000004,48,0.237
rep,-0.020000000000000004,49,0.156
rep,-0.020000000000000004,50,0.0733
rep,-0.020000000000000004,51,0.0283
rep,-0.020000000000000004,52,0.0063
rep,-0.020000000000000004,53,0.0017
rep,-0.020000000000000004,54,2e-4
rep,-0.010000000000000009,42,1e-4
rep,-0.010000000000000009,43,0.0012
rep,-0.010000000000000009,44,0.0083
rep,-0.010000000000000009,45,0.0359
rep,-0.010000000000000009,46,0.0944
rep,-0.010000000000000009,47,0.2031
rep,-0.010000000000000009,48,0.2451
rep,-0.010000000000000009,49,0.2101
rep,-0.010000000000000009,50,0.1279
rep,-0.010000000000000009,51,0.0537
rep,-0.010000000000000009,52,0.016
rep,-0.010000000000000009,53,0.0037
rep,-0.010000000000000009,54,4e-4
rep,-0.010000000000000009,55,1e-4
rep,0,43,1e-4
rep,0,44,0.0013
rep,0,45,0.0111
rep,0,46,0.0531
rep,0,47,0.1348
rep,0,48,0.2342
rep,0,49,0.2501
rep,0,50,0.1795
rep,0,51,0.0924
rep,0,52,0.0328
rep,0,53,0.009
rep,0,54,0.0013
rep,0,55,3e-4
rep,0.009999999999999995,44,8e-4
rep,0.009999999999999995,45,0.0044
rep,0.009999999999999995,46,0.0273
rep,0.009999999999999995,47,0.0857
rep,0.009999999999999995,48,0.1744
rep,0.009999999999999995,49,0.2459
rep,0.009999999999999995,50,0.2301
rep,0.009999999999999995,51,0.1436
rep,0.009999999999999995,52,0.0646
rep,0.009999999999999995,53,0.018
rep,0.009999999999999995,54,0.0045
rep,0.009999999999999995,55,5e-4
rep,0.009999999999999995,56,2e-4
rep,0.01999999999999999,45,0.0011
rep,0.01999999999999999,46,0.0082
rep,0.01999999999999999,47,0.0436
rep,0.01999999999999999,48,0.1221
rep,0.01999999999999999,49,0.2011
rep,0.01999999999999999,50,0.2543
rep,0.01999999999999999,51,0.2085
rep,0.01999999999999999,52,0.1083
rep,0.01999999999999999,53,0.0389
rep,0.01999999999999999,54,0.0111
rep,0.01999999999999999,55,0.0021
rep,0.01999999999999999,56,7e-4
rep,0.03,46,0.0027
rep,0.03,47,0.0178
rep,0.03,48,0.0674
rep,0.03,49,0.1542
rep,0.03,50,0.2427
rep,0.03,51,0.244
rep,0.03,52,0.1648
rep,0.03,53,0.0756
rep,0.03,54,0.0255
rep,0.03,55,0.0046
rep,0.03,56,7e-4
rep,0.04000000000000001,46,5e-4
rep,0.04000000000000001,47,0.0059
rep,0.04000000000000001,48,0.0306
rep,0.04000000000000001,49,0.097
rep,0.04000000000000001,50,0.1982
rep,0.04000000000000001,51,0.2593
rep,0.04000000000000001,52,0.2274
rep,0.04000000000000001,53,0.1245
rep,0.04000000000000001,54,0.0463
rep,0.04000000000000001,55,0.0086
rep,0.04000000000000001,56,0.0014
rep,0.04000000000000001,57,3e-4
rep,0.04999999999999999,46,1e-4
rep,0.04999999999999999,47,9e-4
rep,0.04999999999999999,48,0.0132
rep,0.04999999999999999,49,0.0505
rep,0.04999999999999999,50,0.1357
rep,0.04999999999999999,51,0.2411
rep,0.04999999999999999,52,0.2661
rep,0.04999999999999999,53,0.1808
rep,0.04999999999999999,54,0.0836
rep,0.04999999999999999,55,0.0229
rep,0.04999999999999999,56,0.0047
rep,0.04999999999999999,57,4e-4
rep,0.06,47,5e-4
rep,0.06,48,0.0032
rep,0.06,49,0.023
rep,0.06,50,0.0846
rep,0.06,51,0.1783
rep,0.06,52,0.2761
rep,0.06,53,0.2353
rep,0.06,54,0.135
rep,0.06,55,0.05
rep,0.06,56,0.0129
rep,0.06,57,0.0011
rep,0.07,46,1e-4
rep,0.07,48,6e-4
rep,0.07,49,0.0082
rep,0.07,50,0.04
rep,0.07,51,0.1269
rep,0.07,52,0.2305
rep,0.07,53,0.2744
rep,0.07,54,0.2005
rep,0.07,55,0.0891
rep,0.07,56,0.0257
rep,0.07,57,0.0037
rep,0.07,58,3e-4
rep,0.07999999999999999,48,4e-4
rep,0.07999999999999999,49,0.0032
rep,0.07999999999999999,50,0.0158
rep,0.07999999999999999,51,0.0687
rep,0.07999999999999999,52,0.1739
rep,0.07999999999999999,53,0.2695
rep,0.07999999999999999,54,0.2579
rep,0.07999999999999999,55,0.1498
rep,0.07999999999999999,56,0.0497
rep,0.07999999999999999,57,0.01
rep,0.07999999999999999,58,9e-4
rep,0.07999999999999999,59,2e-4
rep,0.09,49,0.0013
rep,0.09,50,0.0067
rep,0.09,51,0.0332
rep,0.09,52,0.1139
rep,0.09,53,0.2296
rep,0.09,54,0.2844
rep,0.09,55,0.2133
rep,0.09,56,0.0927
rep,0.09,57,0.021
rep,0.09,58,0.0039
rep,0.1,48,1e-4
rep,0.1,49,2e-4
rep,0.1,50,0.0013
rep,0.1,51,0.0149
rep,0.1,52,0.061
rep,0.1,53,0.1782
rep,0.1,54,0.2706
rep,0.1,55,0.2693
rep,0.1,56,0.1505
rep,0.1,57,0.0459
rep,0.1,58,0.007
rep,0.1,59,9e-4
rep,0.1,60,1e-4
dem,-0.1,50,2e-4
dem,-0.1,51,9e-4
dem,-0.1,52,0.0034
dem,-0.1,53,0.0159
dem,-0.1,54,0.067
dem,-0.1,55,0.1675
dem,-0.1,56,0.2698
dem,-0.1,57,0.265
dem,-0.1,58,0.1464
dem,-0.1,59,0.0541
dem,-0.1,60,0.0092
dem,-0.1,61,6e-4
dem,-0.09000000000000001,49,1e-4
dem,-0.09000000000000001,50,1e-4
dem,-0.09000000000000001,51,0.0011
dem,-0.09000000000000001,52,0.0084
dem,-0.09000000000000001,53,0.0373
dem,-0.09000000000000001,54,0.1011
dem,-0.09000000000000001,55,0.2209
dem,-0.09000000000000001,56,0.2903
dem,-0.09000000000000001,57,0.2175
dem,-0.09000000000000001,58,0.0964
dem,-0.09000000000000001,59,0.0234
dem,-0.09000000000000001,60,0.0033
dem,-0.09000000000000001,61,1e-4
dem,-0.08,48,1e-4
dem,-0.08,49,4e-4
dem,-0.08,50,3e-4
dem,-0.08,51,0.0038
dem,-0.08,52,0.0176
dem,-0.08,53,0.0614
dem,-0.08,54,0.1543
dem,-0.08,55,0.2619
dem,-0.08,56,0.2776
dem,-0.08,57,0.1594
dem,-0.08,58,0.0504
dem,-0.08,59,0.011
dem,-0.08,60,0.0018
dem,-0.07,48,1e-4
dem,-0.07,49,6e-4
dem,-0.07,50,0.0015
dem,-0.07,51,0.0097
dem,-0.07,52,0.0345
dem,-0.07,53,0.0976
dem,-0.07,54,0.2134
dem,-0.07,55,0.2769
dem,-0.07,56,0.2287
dem,-0.07,57,0.1072
dem,-0.07,58,0.025
dem,-0.07,59,0.0047
dem,-0.07,60,1e-4
dem,-0.060000000000000005,48,1e-4
dem,-0.060000000000000005,49,9e-4
dem,-0.060000000000000005,50,0.0051
dem,-0.060000000000000005,51,0.0204
dem,-0.060000000000000005,52,0.0662
dem,-0.060000000000000005,53,0.1608
dem,-0.060000000000000005,54,0.2526
dem,-0.060000000000000005,55,0.2546
dem,-0.060000000000000005,56,0.1717
dem,-0.060000000000000005,57,0.0568
dem,-0.060000000000000005,58,0.0098
dem,-0.060000000000000005,59,8e-4
dem,-0.060000000000000005,60,2e-4
dem,-0.05,46,1e-4
dem,-0.05,47,1e-4
dem,-0.05,48,2e-4
dem,-0.05,49,0.0025
dem,-0.05,50,0.0103
dem,-0.05,51,0.0379
dem,-0.05,52,0.104
dem,-0.05,53,0.2126
dem,-0.05,54,0.2658
dem,-0.05,55,0.2281
dem,-0.05,56,0.1066
dem,-0.05,57,0.028
dem,-0.05,58,0.003
dem,-0.05,59,8e-4
dem,-0.04000000000000001,47,2e-4
dem,-0.04000000000000001,48,0.001
dem,-0.04000000000000001,49,0.0054
dem,-0.04000000000000001,50,0.0249
dem,-0.04000000000000001,51,0.0715
dem,-0.04000000000000001,52,0.1568
dem,-0.04000000000000001,53,0.2437
dem,-0.04000000000000001,54,0.2573
dem,-0.04000000000000001,55,0.1572
dem,-0.04000000000000001,56,0.0673
dem,-0.04000000000000001,57,0.0131
dem,-0.04000000000000001,58,0.0014
dem,-0.04000000000000001,59,1e-4
dem,-0.04000000000000001,60,1e-4
dem,-0.03,47,4e-4
dem,-0.03,48,0.003
dem,-0.03,49,0.0147
dem,-0.03,50,0.0449
dem,-0.03,51,0.1169
dem,-0.03,52,0.2077
dem,-0.03,53,0.2596
dem,-0.03,54,0.2126
dem,-0.03,55,0.1047
dem,-0.03,56,0.0307
dem,-0.03,57,0.0043
dem,-0.03,58,5e-4
dem,-0.020000000000000004,46,2e-4
dem,-0.020000000000000004,47,0.0017
dem,-0.020000000000000004,48,0.0069
dem,-0.020000000000000004,49,0.0295
dem,-0.020000000000000004,50,0.0768
dem,-0.020000000000000004,51,0.1665
dem,-0.020000000000000004,52,0.2471
dem,-0.020000000000000004,53,0.2432
dem,-0.020000000000000004,54,0.1528
dem,-0.020000000000000004,55,0.0593
dem,-0.020000000000000004,56,0.0142
dem,-0.020000000000000004,57,0.0018
dem,-0.010000000000000009,45,1e-4
dem,-0.010000000000000009,46,4e-4
dem,-0.010000000000000009,47,0.0039
dem,-0.010000000000000009,48,0.0168
dem,-0.010000000000000009,49,0.0559
dem,-0.010000000000000009,50,0.1331
dem,-0.010000000000000009,51,0.2176
dem,-0.010000000000000009,52,0.2505
dem,-0.010000000000000009,53,0.2017
dem,-0.010000000000000009,54,0.086
dem,-0.010000000000000009,55,0.0287
dem,-0.010000000000000009,56,0.0051
dem,-0.010000000000000009,57,2e-4
dem,0,45,3e-4
dem,0,46,0.0013
dem,0,47,0.0093
dem,0,48,0.0332
dem,0,49,0.0961
dem,0,50,0.1848
dem,0,51,0.257
dem,0,52,0.2326
dem,0,53,0.129
dem,0,54,0.0476
dem,0,55,0.0077
dem,0,56,0.0011
dem,0.009999999999999995,44,2e-4
dem,0.009999999999999995,45,5e-4
dem,0.009999999999999995,46,0.0045
dem,0.009999999999999995,47,0.0185
dem,0.009999999999999995,48,0.0661
dem,0.009999999999999995,49,0.1471
dem,0.009999999999999995,50,0.2323
dem,0.009999999999999995,51,0.2479
dem,0.009999999999999995,52,0.1724
dem,0.009999999999999995,53,0.082
dem,0.009999999999999995,54,0.0244
dem,0.009999999999999995,55,0.0037
dem,0.009999999999999995,56,4e-4
dem,0.01999999999999999,44,7e-4
dem,0.01999999999999999,45,0.0021
dem,0.01999999999999999,46,0.0114
dem,0.01999999999999999,47,0.0394
dem,0.01999999999999999,48,0.1102
dem,0.01999999999999999,49,0.2103
dem,0.01999999999999999,50,0.2576
dem,0.01999999999999999,51,0.199
dem,0.01999999999999999,52,0.1212
dem,0.01999999999999999,53,0.0401
dem,0.01999999999999999,54,0.0071
dem,0.01999999999999999,55,9e-4
dem,0.03,44,7e-4
dem,0.03,45,0.0047
dem,0.03,46,0.0255
dem,0.03,47,0.0766
dem,0.03,48,0.1659
dem,0.03,49,0.2457
dem,0.03,50,0.2437
dem,0.03,51,0.1529
dem,0.03,52,0.0655
dem,0.03,53,0.0165
dem,0.03,54,0.0023
dem,0.04000000000000001,43,3e-4
dem,0.04000000000000001,44,0.0014
dem,0.04000000000000001,45,0.0086
dem,0.04000000000000001,46,0.0466
dem,0.04000000000000001,47,0.1255
dem,0.04000000000000001,48,0.2287
dem,0.04000000000000001,49,0.2607
dem,0.04000000000000001,50,0.1962
dem,0.04000000000000001,51,0.0964
dem,0.04000000000000001,52,0.0299
dem,0.04000000000000001,53,0.0053
dem,0.04000000000000001,54,4e-4
dem,0.04999999999999999,43,4e-4
dem,0.04999999999999999,44,0.0047
dem,0.04999999999999999,45,0.0232
dem,0.04999999999999999,46,0.0837
dem,0.04999999999999999,47,0.1818
dem,0.04999999999999999,48,0.2666
dem,0.04999999999999999,49,0.2413
dem,0.04999999999999999,50,0.1345
dem,0.04999999999999999,51,0.0503
dem,0.04999999999999999,52,0.0125
dem,0.04999999999999999,53,9e-4
dem,0.04999999999999999,54,1e-4
dem,0.06,43,0.0011
dem,0.06,44,0.0129
dem,0.06,45,0.0501
dem,0.06,46,0.1356
dem,0.06,47,0.2358
dem,0.06,48,0.276
dem,0.06,49,0.178
dem,0.06,50,0.0844
dem,0.06,51,0.0225
dem,0.06,52,0.0031
dem,0.06,53,5e-4
dem,0.07,42,3e-4
dem,0.07,43,0.0037
dem,0.07,44,0.0257
dem,0.07,45,0.0894
dem,0.07,46,0.2008
dem,0.07,47,0.2744
dem,0.07,48,0.2302
dem,0.07,49,0.1268
dem,0.07,50,0.0399
dem,0.07,51,0.0081
dem,0.07,52,6e-4
dem,0.07,54,1e-4
dem,0.07999999999999999,41,2e-4
dem,0.07999999999999999,42,9e-4
dem,0.07999999999999999,43,0.01
dem,0.07999999999999999,44,0.0498
dem,0.07999999999999999,45,0.1498
dem,0.07999999999999999,46,0.2583
dem,0.07999999999999999,47,0.2693
dem,0.07999999999999999,48,0.1737
dem,0.07999999999999999,49,0.0686
dem,0.07999999999999999,50,0.0158
dem,0.07999999999999999,51,0.0032
dem,0.07999999999999999,52,4e-4
dem,0.09,42,0.0039
dem,0.09,43,0.021
dem,0.09,44,0.0928
dem,0.09,45,0.2136
dem,0.09,46,0.2844
dem,0.09,47,0.2295
dem,0.09,48,0.1137
dem,0.09,49,0.0331
dem,0.09,50,0.0067
dem,0.09,51,0.0013
dem,0.1,40,1e-4
dem,0.1,41,9e-4
dem,0.1,42,0.007
dem,0.1,43,0.0459
dem,0.1,44,0.1506
dem,0.1,45,0.2693
dem,0.1,46,0.2709
dem,0.1,47,0.1779
dem,0.1,48,0.0609
dem,0.1,49,0.0149
dem,0.1,50,0.0013
dem,0.1,51,2e-4
dem,0.1,52,1e-4
ind,-0.1,0,0.3603
ind,-0.1,1,0.6397
ind,-0.09000000000000001,0,0.4317
ind,-0.09000000000000001,1,0.5683
ind,-0.08,0,0.5086
ind,-0.08,1,0.4914
ind,-0.07,0,0.5847
ind,-0.07,1,0.4153
ind,-0.060000000000000005,0,0.6626
ind,-0.060000000000000005,1,0.3374
ind,-0.05,0,0.7248
ind,-0.05,1,0.2752
ind,-0.04000000000000001,0,0.7887
ind,-0.04000000000000001,1,0.2113
ind,-0.03,0,0.8503
ind,-0.03,1,0.1497
ind,-0.020000000000000004,0,0.8843
ind,-0.020000000000000004,1,0.1157
ind,-0.010000000000000009,0,0.9131
ind,-0.010000000000000009,1,0.0869
ind,0,0,0.94
ind,0,1,0.06
ind,0.009999999999999995,0,0.9614
ind,0.009999999999999995,1,0.0386
ind,0.01999999999999999,0,0.9719
ind,0.01999999999999999,1,0.0281
ind,0.03,0,0.982
ind,0.03,1,0.018
ind,0.04000000000000001,0,0.9876
ind,0.04000000000000001,1,0.0124
ind,0.04999999999999999,0,0.9923
ind,0.04999999999999999,1,0.0077
ind,0.06,0,0.9954
ind,0.06,1,0.0046
ind,0.07,0,0.9979
ind,0.07,1,0.0021
ind,0.07999999999999999,0,0.9989
ind,0.07999999999999999,1,0.0011
ind,0.09,0,0.9987
ind,0.09,1,0.0013
ind,0.1,0,0.9993
ind,0.1,1,7e-4
