forecast_date,party,prob_majority,seats_pct_05,seats_avg,seats_pct_95
2026-04-19,dem,0.0742,43,46.7527,51
2026-04-19,ind,0,0,0.016,0
2026-04-19,rep,0.9233,49,53.2313,57
2026-04-20,dem,0.0967,42,46.7953,51
2026-04-20,ind,0,0,0.0204,0
2026-04-20,rep,0.9008,48,53.1843,58
2026-04-21,dem,0.1528,42,47.4058,52
2026-04-21,ind,0,0,0.0283,0
2026-04-21,rep,0.8428,48,52.5659,58
2026-04-22,dem,0.1719,43,47.6362,53
2026-04-22,ind,0,0,0.0332,0
2026-04-22,rep,0.8226,47,52.3306,57
2026-04-23,dem,0.1636,42,47.4558,52
2026-04-23,ind,0,0,0.031,0
2026-04-23,rep,0.8321,47,52.5132,58
2026-04-24,dem,0.166,43,47.6532,53
2026-04-24,ind,0,0,0.0299,0
2026-04-24,rep,0.8309,47,52.3169,57
2026-04-25,dem,0.1906,43,47.8992,53
2026-04-25,ind,0,0,0.0422,0
2026-04-25,rep,0.8032,47,52.0586,57
2026-04-26,dem,0.1915,43,47.9185,53
2026-04-26,ind,0,0,0.0349,0
2026-04-26,rep,0.8037,47,52.0466,57
2026-04-27,dem,0.1932,43,47.9675,53
2026-04-27,ind,0,0,0.0355,0
2026-04-27,rep,0.8019,47,51.997,57
2026-04-28,dem,0.164,43,47.7356,52
2026-04-28,ind,0,0,0.0256,0
2026-04-28,rep,0.833,48,52.2388,57
2026-04-29,dem,0.2731,44,48.7395,53
2026-04-29,ind,0,0,0.0339,0
2026-04-29,rep,0.7222,47,51.2266,56
2026-04-30,dem,0.2921,44,48.8932,53.05
2026-04-30,ind,0,0,0.0414,0
2026-04-30,rep,0.7031,46,51.0654,56
2026-05-01,dem,0.3834,45,49.5356,54
2026-05-01,ind,0,0,0.0519,1
2026-05-01,rep,0.6115,46,50.4125,55
2026-05-02,dem,0.4049,45,49.7335,54
2026-05-02,ind,0,0,0.0611,1
2026-05-02,rep,0.589,46,50.2054,55
2026-05-03,dem,0.3203,44,49.1481,54
2026-05-03,ind,0,0,0.047,0
2026-05-03,rep,0.6753,46,50.8049,56
2026-05-04,dem,0.3442,44,49.3323,54
2026-05-04,ind,0,0,0.0475,0
2026-05-04,rep,0.6502,46,50.6202,56
2026-05-05,dem,0.3527,44,49.3595,54
2026-05-05,ind,0,0,0.0512,1
2026-05-05,rep,0.6416,46,50.5893,56
2026-05-06,dem,0.358,45,49.3935,54
2026-05-06,ind,0,0,0.0533,1
2026-05-06,rep,0.6361,46,50.5532,55
2026-05-07,dem,0.2708,44,48.6772,53
2026-05-07,ind,0,0,0.0362,0
2026-05-07,rep,0.7237,46,51.2866,56
2026-05-08,dem,0.2651,44,48.6164,53
2026-05-08,ind,0,0,0.034,0
2026-05-08,rep,0.7296,46,51.3496,56
2026-05-09,dem,0.2694,44,48.6507,53
2026-05-09,ind,0,0,0.0373,0
2026-05-09,rep,0.7264,46,51.312,56
2026-05-10,dem,0.2694,44,48.6507,53
2026-05-10,ind,0,0,0.0373,0
2026-05-10,rep,0.7264,46,51.312,56
2026-05-11,dem,0.3159,44,49.0439,54
2026-05-11,ind,0,0,0.0442,0
2026-05-11,rep,0.6794,46,50.9119,56
2026-05-12,dem,0.3076,44,49.0036,54
2026-05-12,ind,0,0,0.0941,1
2026-05-12,rep,0.6793,46,50.9023,56
2026-05-13,dem,0.2928,44,48.8895,54
2026-05-13,ind,0,0,0.0981,1
2026-05-13,rep,0.6951,46,51.0124,56
2026-05-14,dem,0.2732,44,48.7574,53
2026-05-14,ind,0,0,0.092,1
2026-05-14,rep,0.715,46,51.1506,56
2026-05-15,dem,0.2679,44,48.7212,53
2026-05-15,ind,0,0,0.0927,1
2026-05-15,rep,0.7186,46,51.1861,56
2026-05-16,dem,0.2655,44,48.7402,53
2026-05-16,ind,0,0,0.0981,1
2026-05-16,rep,0.7223,46,51.1617,56
2026-05-17,dem,0.273,44,48.7425,53
2026-05-17,ind,0,0,0.0919,1
2026-05-17,rep,0.7153,46,51.1656,56
2026-05-18,dem,0.3028,44,48.972,54
2026-05-18,ind,0,0,0.0991,1
2026-05-18,rep,0.6835,46,50.9289,56
2026-05-19,dem,0.2884,44,48.7966,54
2026-05-19,ind,0,0,0.0982,1
2026-05-19,rep,0.7004,46,51.1052,56
2026-05-20,dem,0.3379,44,49.1592,54
2026-05-20,ind,0,0,0.0987,1
2026-05-20,rep,0.6505,46,50.7421,56
2026-05-21,dem,0.3455,44,49.2334,54
2026-05-21,ind,0,0,0.1015,1
2026-05-21,rep,0.6411,46,50.6651,56
2026-05-22,dem,0.4022,45,49.6925,54
2026-05-22,ind,0,0,0.1279,1
2026-05-22,rep,0.5864,45,50.1796,55
2026-05-23,dem,0.3692,44,49.4355,54
2026-05-23,ind,0,0,0.1113,1
2026-05-23,rep,0.6178,46,50.4532,56
2026-05-24,dem,0.3499,44,49.2511,54
2026-05-24,ind,0,0,0.1007,1
2026-05-24,rep,0.6378,46,50.6482,56
2026-05-25,dem,0.345,44,49.2115,54
2026-05-25,ind,0,0,0.0972,1
2026-05-25,rep,0.6438,46,50.6913,56
2026-05-26,dem,0.3466,45,49.3305,54
2026-05-26,ind,0,0,0.1038,1
2026-05-26,rep,0.6392,46,50.5657,55
2026-05-27,dem,0.3399,44,49.22,54
2026-05-27,ind,0,0,0.107,1
2026-05-27,rep,0.6461,46,50.673,56
2026-05-28,dem,0.3532,45,49.3833,54
2026-05-28,ind,0,0,0.1027,1
2026-05-28,rep,0.6361,46,50.514,55
2026-05-29,dem,0.5393,46,50.6849,55
2026-05-29,ind,0,0,0.1539,1
2026-05-29,rep,0.4487,45,49.1612,54
2026-05-30,dem,0.5509,46,50.7383,55
2026-05-30,ind,0,0,0.1849,1
2026-05-30,rep,0.4315,45,49.0768,54
2026-05-31,dem,0.5683,46,50.886,55
2026-05-31,ind,0,0,0.185,1
2026-05-31,rep,0.4176,44,48.929,54
2026-06-01,dem,0.4853,46,50.2985,55
2026-06-01,ind,0,0,0.1496,1
2026-06-01,rep,0.5012,45,49.5519,54
2026-06-02,dem,0.4476,45,50.0492,54
2026-06-02,ind,0,0,0.1441,1
2026-06-02,rep,0.5376,45,49.8067,55
2026-06-03,dem,0.4626,45,50.1783,54
2026-06-03,ind,0,0,0.1494,1
2026-06-03,rep,0.5215,45,49.6723,55
2026-06-04,dem,0.4307,45,49.8708,54
2026-06-04,ind,0,0,0.1267,1
2026-06-04,rep,0.5547,45,50.0025,55
2026-06-05,dem,0.4243,45,49.7682,54
2026-06-05,ind,0,0,0.1239,1
2026-06-05,rep,0.5615,45,50.1079,55
2026-06-06,dem,0.4113,45,49.8033,54
2026-06-06,ind,0,0,0.125,1
2026-06-06,rep,0.5755,45,50.0717,55
2026-06-07,dem,0.3839,45,49.5789,54
2026-06-07,ind,0,0,0.1128,1
2026-06-07,rep,0.6029,46,50.3083,55
2026-06-08,dem,0.3807,45,49.5583,54
2026-06-08,ind,0,0,0.1196,1
2026-06-08,rep,0.6053,46,50.3221,55
2026-06-09,dem,0.2981,44,48.8168,54
2026-06-09,ind,0,0,0.0908,1
2026-06-09,rep,0.6892,46,51.0924,56
2026-06-10,dem,0.2981,44,48.8168,54
2026-06-10,ind,0,0,0.0908,1
2026-06-10,rep,0.6892,46,51.0924,56
2026-06-11,dem,0.2981,44,48.8168,54
2026-06-11,ind,0,0,0.0908,1
2026-06-11,rep,0.6892,46,51.0924,56
2026-06-12,dem,0.2981,44,48.8168,54
2026-06-12,ind,0,0,0.0908,1
2026-06-12,rep,0.6892,46,51.0924,56
2026-06-13,dem,0.2981,44,48.8168,54
2026-06-13,ind,0,0,0.0908,1
2026-06-13,rep,0.6892,46,51.0924,56
2026-06-14,dem,0.2981,44,48.8168,54
2026-06-14,ind,0,0,0.0908,1
2026-06-14,rep,0.6892,46,51.0924,56
2026-06-15,dem,0.2822,44,48.7455,53
2026-06-15,ind,0,0,0.0914,1
2026-06-15,rep,0.7055,46,51.1631,56
2026-06-16,dem,0.2764,44,48.6979,53
2026-06-16,ind,0,0,0.0918,1
2026-06-16,rep,0.7118,46,51.2103,56
2026-06-17,dem,0.276,44,48.669,53
2026-06-17,ind,0,0,0.0855,1
2026-06-17,rep,0.7116,46,51.2455,56
2026-06-18,dem,0.2644,44,48.6125,53
2026-06-18,ind,0,0,0.0828,1
2026-06-18,rep,0.725,46,51.3047,56
2026-06-19,dem,0.2513,44,48.5047,53
2026-06-19,ind,0,0,0.0888,1
2026-06-19,rep,0.7354,47,51.4065,56
2026-06-20,dem,0.2638,44,48.5612,53
2026-06-20,ind,0,0,0.0905,1
2026-06-20,rep,0.7246,46,51.3483,56
2026-06-21,dem,0.2708,44,48.6127,53
2026-06-21,ind,0,0,0.0851,1
2026-06-21,rep,0.7191,46,51.3022,56
2026-06-22,dem,0.2721,44,48.6908,53
2026-06-22,ind,0,0,0.0877,1
2026-06-22,rep,0.7154,46,51.2215,56
2026-06-23,dem,0.2774,44,48.7133,53
2026-06-23,ind,0,0,0.0847,1
2026-06-23,rep,0.7118,46,51.202,56
2026-06-24,dem,0.2766,44,48.7234,53
2026-06-24,ind,0,0,0.0815,1
2026-06-24,rep,0.711,46,51.1951,56
2026-06-25,dem,0.2783,44,48.7819,53
2026-06-25,ind,0,0,0.0905,1
2026-06-25,rep,0.7086,46,51.1276,56
2026-06-26,dem,0.2526,44,48.5187,53
2026-06-26,ind,0,0,0.0734,1
2026-06-26,rep,0.7361,46,51.4079,56
2026-06-27,dem,0.2437,44,48.4328,53
2026-06-27,ind,0,0,0.0781,1
2026-06-27,rep,0.7439,47,51.4891,56
2026-06-28,dem,0.2592,44,48.6031,53
2026-06-28,ind,0,0,0.0815,1
2026-06-28,rep,0.7302,46,51.3154,56
2026-06-29,dem,0.2632,44,48.5952,53
2026-06-29,ind,0,0,0.0819,1
2026-06-29,rep,0.725,46,51.3229,56
2026-06-30,dem,0.3505,45,49.3268,54
2026-06-30,ind,0,0,0.1071,1
2026-06-30,rep,0.6368,46,50.5661,55
2026-07-01,dem,0.2693,44,48.7128,53
2026-07-01,ind,0,0,0.1059,1
2026-07-01,rep,0.7158,46,51.1813,56
2026-07-02,dem,0.2944,44,48.9495,54
2026-07-02,ind,0,0,0.108,1
2026-07-02,rep,0.6896,46,50.9425,56
2026-07-03,dem,0.3012,44,48.9032,54
2026-07-03,ind,0,0,0.0946,1
2026-07-03,rep,0.6888,46,51.0022,56
2026-07-04,dem,0.2313,44,48.4456,53
2026-07-04,ind,0,0,0.0924,1
2026-07-04,rep,0.7545,47,51.462,56
2026-07-05,dem,0.2625,44,48.7324,53
2026-07-05,ind,0,0,0.1069,1
2026-07-05,rep,0.7214,47,51.1607,56
2026-07-06,dem,0.2758,44,48.7989,53
2026-07-06,ind,0,0,0.1077,1
2026-07-06,rep,0.7075,46,51.0934,56
2026-07-07,dem,0.2771,44,48.8024,53
2026-07-07,ind,0,0,0.1021,1
2026-07-07,rep,0.7095,47,51.0955,56
2026-07-08,dem,0.2748,44,48.8251,53
2026-07-08,ind,0,0,0.1073,1
2026-07-08,rep,0.7079,46,51.0676,56
2026-07-09,dem,0.2138,44,48.3021,53
2026-07-09,ind,0,0,0.0898,1
2026-07-09,rep,0.7735,47,51.6081,56
2026-07-10,dem,0.2107,44,48.2893,53
2026-07-10,ind,0,0,0.0986,1
2026-07-10,rep,0.7722,47,51.6121,56
2026-07-11,dem,0.211,44,48.3072,53
2026-07-11,ind,0,0,0.0883,1
2026-07-11,rep,0.7739,47,51.6045,56
2026-07-12,dem,0.2306,44,48.4225,53
2026-07-12,ind,0,0,0.0973,1
2026-07-12,rep,0.7559,47,51.4802,56
2026-07-13,dem,0.2182,44,48.3401,53
2026-07-13,ind,0,0,0.0958,1
2026-07-13,rep,0.7676,47,51.5641,56
2026-07-14,dem,0.2123,44,48.2933,53
2026-07-14,ind,0,0,0.0883,1
2026-07-14,rep,0.775,47,51.6184,56
2026-07-15,dem,0.1979,44,48.1976,53
2026-07-15,ind,0,0,0.0849,1
2026-07-15,rep,0.7876,47,51.7175,56
2026-07-16,dem,0.1812,43,47.9585,53
2026-07-16,ind,0,0,0.0859,1
2026-07-16,rep,0.8082,47,51.9556,57
2026-07-17,dem,0.192,44,48.1206,53
2026-07-17,ind,0,0,0.0869,1
2026-07-17,rep,0.7946,47,51.7925,56
2026-07-18,dem,0.2071,44,48.248,53
2026-07-18,ind,0,0,0.0868,1
2026-07-18,rep,0.779,47,51.6652,56
2026-07-19,dem,0.195,44,48.1608,53
2026-07-19,ind,0,0,0.0951,1
2026-07-19,rep,0.7903,47,51.7441,56
2026-07-20,dem,0.1717,44,48.0123,52
2026-07-20,ind,0,0,0.0862,1
2026-07-20,rep,0.8126,47,51.9015,56
2026-07-21,dem,0.1891,44,48.1332,52
2026-07-21,ind,0,0,0.0872,1
2026-07-21,rep,0.7973,47,51.7796,56
2026-07-22,dem,0.1947,44,48.1308,53
2026-07-22,ind,0,0,0.0846,1
2026-07-22,rep,0.793,47,51.7846,56
2026-07-23,dem,0.2552,44,48.682,53
2026-07-23,ind,0,0,0.1047,1
2026-07-23,rep,0.7298,47,51.2133,56
2026-07-24,dem,0.3099,45,49.1325,53
2026-07-24,ind,0,0,0.1185,1
2026-07-24,rep,0.6733,46,50.749,55
2026-07-25,dem,0.3099,45,49.1325,53
2026-07-25,ind,0,0,0.1185,1
2026-07-25,rep,0.6733,46,50.749,55
2026-07-26,dem,0.2293,44,48.4702,53
2026-07-26,ind,0,0,0.1021,1
2026-07-26,rep,0.7538,47,51.4277,56
2026-07-27,dem,0.2455,44,48.5887,53
2026-07-27,ind,0,0,0.0987,1
2026-07-27,rep,0.7398,47,51.3126,56
2026-07-28,dem,0.2104,44,48.2905,53
2026-07-28,ind,0,0,0.0928,1
2026-07-28,rep,0.7759,47,51.6167,56
2026-07-29,dem,0.2499,44,48.6047,53
2026-07-29,ind,0,0,0.093,1
2026-07-29,rep,0.7361,47,51.3023,56
2026-07-30,dem,0.2607,44,48.6762,53
2026-07-30,ind,0,0,0.0953,1
2026-07-30,rep,0.7248,47,51.2285,56
2026-07-31,dem,0.2866,44,48.9336,53
2026-07-31,ind,0,0,0.1113,1
2026-07-31,rep,0.6961,47,50.9551,56
2026-08-01,dem,0.4209,45,49.8891,54
2026-08-01,ind,0,0,0.1674,1
2026-08-01,rep,0.5574,45,49.9435,55
2026-08-02,dem,0.4277,46,49.9456,54
2026-08-02,ind,0,0,0.1674,1
2026-08-02,rep,0.5528,45,49.887,54
2026-08-03,dem,0.3641,45,49.5182,54
2026-08-03,ind,0,0,0.1366,1
2026-08-03,rep,0.6167,46,50.3452,55
2026-08-04,dem,0.3314,45,49.2683,54
2026-08-04,ind,0,0,0.1296,1
2026-08-04,rep,0.6522,46,50.6021,55
2026-08-05,dem,0.3368,45,49.2824,53
2026-08-05,ind,0,0,0.1195,1
2026-08-05,rep,0.6481,46,50.5981,55
2026-08-06,dem,0.3043,44,48.989,53
2026-08-06,ind,0,0,0.1226,1
2026-08-06,rep,0.6812,46,50.8884,56
2026-08-07,dem,0.3557,45,49.3676,54
2026-08-07,ind,0,0,0.1477,1
2026-08-07,rep,0.6263,46,50.4847,55
