state,seat_name,r_prob,phi,dem_cond_increase,rep_cond_increase,total_cond_increase
Alabama,Class II,0.9997,0.01764836960097169,0.5093,1.5283585075520634e-4,0.5094528358507552
Alaska,Class II,0.6897,0.447254756461563,0.3333412504028359,0.14997214731042485,0.48331339771326076
Arkansas,Class II,0.9777,0.12676653637176388,0.4196139013452914,0.009570819269714703,0.4291847206150061
Colorado,Class II,0.0268,0.07742291348276989,0.006422893547061215,0.23323731343283582,0.23966020697989704
Delaware,Class II,0.0055,0.04053961003072255,0.001507139265962798,0.2725181818181819,0.2740253210841447
Florida,Class III,0.843,0.35608118790611626,0.4124847133757962,0.07682099644128115,0.48930570981707733
Georgia,Class II,0.0526,0.20798693466461243,0.024499493350221613,0.44127034220532324,0.46576983555554485
Idaho,Class II,1,NA,NA,0,NA
Illinois,Class II,0.05,0.09852816099964776,0.011299999999999977,0.2147,0.22599999999999998
Iowa,Class II,0.5064,0.47808378553955655,0.2420795786061588,0.23596066350710898,0.4780402421132678
Kansas,Class II,0.7899,0.4016800091174759,0.38935711565920983,0.1035623876440056,0.49291950330321543
Kentucky,Class II,0.9961,0.06374698404820918,0.5093,0.0019940467824516306,0.5112940467824516
Louisiana,Class II,0.9811,0.13552524977079164,0.4881359788359788,0.00940349607583324,0.49753947491181205
Maine,Class II,0.3089,0.4484252145932955,0.14987299956590938,0.335309906118485,0.48518290568439437
Massachusetts,Class II,0,NA,0,NA,NA
Michigan,Class II,0.2426,0.42859492378838243,0.12126197517824133,0.378581286067601,0.49984326124584233
Minnesota,Class II,0.1948,0.38885155674015104,0.09561395926477889,0.39521745379876794,0.49083141306354683
Mississippi,Class II,0.986,0.10947807154370051,0.45929999999999993,0.006521501014198794,0.4658215010141987
Montana,Class II,0.9999,0.010188271857920185,0.5093,5.093509350939662e-5,0.5093509350935094
Nebraska,Class II,0.8988,0.23904634363829055,0.3561379446640316,0.040099198931909275,0.39623714359594087
New Hampshire,Class II,0.0636,0.22958104768068324,0.029910850064075123,0.440385534591195,0.47029638465527013
New Jersey,Class II,0.0313,0.08798431970746814,0.00790637968411273,0.24469361022364222,0.25259998990775495
New Mexico,Class II,4e-4,0.019635323590163015,1.9635854341731873e-4,0.4907,0.49089635854341734
North Carolina,Class II,0.0971,0.2860869401228902,0.046901063240668894,0.436117095777549,0.4830181590182179
Ohio,Class III,0.3807,0.48492506485070486,0.19006860972065232,0.3091922511163646,0.49926086083701693
Oklahoma,Class II,0.9901,0.06550438791899303,0.3274818181818182,0.0032744874255126177,0.3307563056073308
Oregon,Class II,0.0071,0.05203192236971307,0.0021995870681840723,0.3076014084507043,0.30980099551888834
Rhode Island,Class II,0,NA,0,NA,NA
South Carolina,Class II,0.8674,0.32165068858847334,0.4112607843137255,0.06286970255937285,0.47413048687309833
South Dakota,Class II,1,NA,NA,0,NA
Tennessee,Class II,1,NA,NA,0,NA
Texas,Class II,0.5188,0.5287659554420862,0.2744704073150457,0.2545781804163454,0.5290485877313911
Virginia,Class II,0.0434,0.09911988003842946,0.010554442818314858,0.23263548387096777,0.24318992668928263
West Virginia,Class II,1,NA,NA,0,NA
Wyoming,Class II,0.9998,0.014409112784322735,0.5093,1.0188037607528067e-4,0.5094018803760753
