year,state,seat_number,incumbent_running,midterm,redistricted,contested_rep,contested_dem,contested,cand1_name,cand2_name,cand3_name,cand4_name
2026,Alaska,1,REP,TRUE,FALSE,TRUE,TRUE,TRUE,Nick Begich,Matt Schultz,,
2026,Alabama,1,None,TRUE,TRUE,TRUE,TRUE,TRUE,,,,
2026,Alabama,2,None,TRUE,TRUE,TRUE,TRUE,TRUE,,,,
2026,Alabama,3,REP,TRUE,FALSE,TRUE,TRUE,TRUE,Mike Roger,Lee McInnis,,
2026,Alabama,4,REP,TRUE,FALSE,TRUE,TRUE,TRUE,Robert Aderholt,Amanda Pusczek,,
2026,Alabama,5,REP,TRUE,FALSE,TRUE,TRUE,TRUE,,,,
2026,Alabama,6,REP,TRUE,FALSE,TRUE,TRUE,TRUE,,,,
2026,Alabama,7,DEM,TRUE,FALSE,TRUE,TRUE,TRUE,,,,
2026,Arkansas,1,REP,TRUE,FALSE,TRUE,TRUE,TRUE,Rick Crawford,Terri Green,,
2026,Arkansas,2,REP,TRUE,FALSE,TRUE,TRUE,TRUE,French Hill,Chris Jones,,
2026,Arkansas,3,REP,TRUE,FALSE,TRUE,TRUE,TRUE,Steve Womack,Robb Ryerse,,
2026,Arkansas,4,REP,TRUE,FALSE,TRUE,TRUE,TRUE,Bruce Westerman,James Russell,,
2026,Arizona,1,None,TRUE,FALSE,TRUE,TRUE,TRUE,,,,
2026,Arizona,2,REP,TRUE,FALSE,TRUE,TRUE,TRUE,,,,
2026,Arizona,3,DEM,TRUE,FALSE,TRUE,TRUE,TRUE,,,,
2026,Arizona,4,DEM,TRUE,FALSE,TRUE,TRUE,TRUE,,,,
2026,Arizona,5,None,TRUE,FALSE,TRUE,TRUE,TRUE,,,,
2026,Arizona,6,REP,TRUE,FALSE,TRUE,TRUE,TRUE,Juan Ciscomani,JoAnna Mendoza,,
2026,Arizona,7,DEM,TRUE,FALSE,TRUE,TRUE,TRUE,,,,
2026,Arizona,8,REP,TRUE,FALSE,TRUE,TRUE,TRUE,,,,
2026,Arizona,9,REP,TRUE,FALSE,TRUE,TRUE,TRUE,,,,
2026,California,1,None,TRUE,TRUE,TRUE,TRUE,TRUE,James Gallagher,Mike McGuire,,
2026,California,2,DEM,TRUE,TRUE,TRUE,TRUE,TRUE,Jared Huffman,Robin Littau,,
2026,California,3,DEM,TRUE,TRUE,TRUE,TRUE,TRUE,Ami Bera,Robb Tucker,,
2026,California,4,DEM,TRUE,TRUE,FALSE,TRUE,FALSE,Mike Thompson,Eric Jones,,
2026,California,5,REP,TRUE,TRUE,TRUE,TRUE,TRUE,Tom McClintock,Michael Masuda,,
2026,California,6,None,TRUE,TRUE,TRUE,TRUE,TRUE,Kevin Kiley,Richard Pan,,
2026,California,7,DEM,TRUE,TRUE,FALSE,TRUE,FALSE,Doris Matsui,Mai Vang,,
2026,California,8,DEM,TRUE,TRUE,TRUE,TRUE,TRUE,John Garamendi,Rudy Recile,,
2026,California,9,DEM,TRUE,TRUE,TRUE,TRUE,TRUE,Josh Harder,John McBride,,
2026,California,10,DEM,TRUE,TRUE,TRUE,TRUE,TRUE,Mark DeSaulnier,Jeff Frese,,
2026,California,11,None,TRUE,TRUE,FALSE,TRUE,FALSE,Connie Chan,Scott Wiener,,
2026,California,12,DEM,TRUE,TRUE,FALSE,TRUE,FALSE,Jamie Joyce,Lateefah Simon,,
2026,California,13,DEM,TRUE,TRUE,TRUE,TRUE,TRUE,Adam Gray,Kevin Lincoln,,
2026,California,14,None,TRUE,TRUE,FALSE,TRUE,FALSE,Melissa Hernandez,Aisha Wahab,,
2026,California,15,DEM,TRUE,TRUE,TRUE,TRUE,TRUE,Kevin Mullin,Charles Hoelter,,
2026,California,16,DEM,TRUE,TRUE,TRUE,TRUE,TRUE,Sam Liccardo,Peter Soulé,,
2026,California,17,DEM,TRUE,TRUE,TRUE,TRUE,TRUE,Ro Khanna,Ritesh Tandon,,
2026,California,18,DEM,TRUE,TRUE,TRUE,TRUE,TRUE,Zoe Lofgren,Shane Lewis,,
2026,California,19,DEM,TRUE,TRUE,TRUE,TRUE,TRUE,Jimmy Panetta,Peter Coe Verbica,,
2026,California,20,REP,TRUE,TRUE,TRUE,TRUE,TRUE,Vince Fong,Sandra Van Scotter,,
2026,California,21,DEM,TRUE,TRUE,TRUE,TRUE,TRUE,Jim Costa,Kyle Kirkland,,
2026,California,22,REP,TRUE,TRUE,TRUE,TRUE,TRUE,David G. Valadao,Jasmeet Bains,,
2026,California,23,REP,TRUE,TRUE,TRUE,TRUE,TRUE,Jay Obernolte,Tessa Lynn Hodge,,
2026,California,24,DEM,TRUE,TRUE,TRUE,TRUE,TRUE,Salud Carbajal,Bob Smith,,
2026,California,25,DEM,TRUE,TRUE,TRUE,TRUE,TRUE,Raul Ruiz,Joe Males,,
2026,California,26,None,TRUE,TRUE,TRUE,TRUE,TRUE,Jacqui Irwin,Sam Gallucci,,
2026,California,27,DEM,TRUE,TRUE,TRUE,TRUE,TRUE,George Whitesides,Jason Gibbs,,
2026,California,28,DEM,TRUE,TRUE,TRUE,TRUE,TRUE,Judy Chu,April Verlato,,
2026,California,29,DEM,TRUE,TRUE,FALSE,TRUE,FALSE,Angelica Dueñas,Luz Rivas,,
2026,California,30,DEM,TRUE,TRUE,TRUE,TRUE,TRUE,Laura Friedman,Scott Meyers,,
2026,California,31,DEM,TRUE,TRUE,TRUE,TRUE,TRUE,Gil Cisneros,Eric Ching,,
2026,California,32,DEM,TRUE,TRUE,TRUE,TRUE,TRUE,Brad Sherman,Larry Thompson,,
2026,California,33,DEM,TRUE,TRUE,TRUE,TRUE,TRUE,Peter Aguilar,Stephanie Vargas,,
2026,California,34,DEM,TRUE,TRUE,FALSE,TRUE,FALSE,Jimmy Gomez,Angela Gonzales-Torres,,
2026,California,35,DEM,TRUE,TRUE,TRUE,TRUE,TRUE,Norma Torres,Mike Cargile,,
2026,California,36,DEM,TRUE,TRUE,TRUE,TRUE,TRUE,Ted Lieu,Houston Brignano,,
2026,California,37,DEM,TRUE,TRUE,FALSE,TRUE,FALSE,Sydney Kamlager-Dove,Samatha Mota,,
2026,California,38,None,TRUE,TRUE,TRUE,TRUE,TRUE,Hilda Solis,Pedro Casas,,
2026,California,39,DEM,TRUE,TRUE,TRUE,TRUE,TRUE,Mark Takano,Steve Manos,,
2026,California,40,REP,TRUE,TRUE,TRUE,FALSE,FALSE,Ken Calvert,Young Kim,,
2026,California,41,DEM,TRUE,TRUE,TRUE,TRUE,TRUE,Linda Sánchez,Mitch Clemmons,,
2026,California,42,DEM,TRUE,TRUE,TRUE,TRUE,TRUE,Robert Garcia,Brian Burley,,
2026,California,43,DEM,TRUE,TRUE,TRUE,TRUE,TRUE,Maxine Waters,Cristian Morales,,
2026,California,44,DEM,TRUE,TRUE,TRUE,TRUE,TRUE,Nanette Barragán,Genevieve Angel,,
2026,California,45,DEM,TRUE,TRUE,TRUE,TRUE,TRUE,Derek Tran,Chuong Vo,,
2026,California,46,DEM,TRUE,TRUE,TRUE,TRUE,TRUE,Lou Correa,David Pan,,
2026,California,47,DEM,TRUE,TRUE,TRUE,TRUE,TRUE,Dave Min,Jenny Le Roux,,
2026,California,48,None,TRUE,TRUE,TRUE,TRUE,TRUE,Jim Desmond,Marni von Wilpert,,
2026,California,49,DEM,TRUE,TRUE,TRUE,TRUE,TRUE,Mike Levin,Armen Kurdian,,
2026,California,50,DEM,TRUE,TRUE,TRUE,TRUE,TRUE,Scott Peters,Steve Cohen,,
2026,California,51,DEM,TRUE,TRUE,TRUE,TRUE,TRUE,Sara Jacobs,Ricardo Cabrera,,
2026,California,52,DEM,TRUE,TRUE,TRUE,TRUE,TRUE,Juan Vargas,Jeff Belle,,
2026,Colorado,1,None,TRUE,FALSE,TRUE,TRUE,TRUE,Melat Kiros,Christy Peterson,,
2026,Colorado,2,DEM,TRUE,FALSE,TRUE,TRUE,TRUE,Joe Neguse,Kelley Dennison,,
2026,Colorado,3,REP,TRUE,FALSE,TRUE,TRUE,TRUE,Jeff Hurd,Alex Kelloff,,
2026,Colorado,4,REP,TRUE,FALSE,TRUE,TRUE,TRUE,Lauren Boebert,Eileen Laubacher,,
2026,Colorado,5,REP,TRUE,FALSE,TRUE,TRUE,TRUE,Jeff Crank,Jessica Killin,,
2026,Colorado,6,DEM,TRUE,FALSE,TRUE,TRUE,TRUE,Jason Crow,Jason Clark,,
2026,Colorado,7,DEM,TRUE,FALSE,TRUE,TRUE,TRUE,Brittany Pettersen,Tim Bennett,,
2026,Colorado,8,REP,TRUE,FALSE,TRUE,TRUE,TRUE,Gabe Evans,Manny Rutinel,,
2026,Connecticut,1,DEM,TRUE,FALSE,TRUE,TRUE,TRUE,,,,
2026,Connecticut,2,DEM,TRUE,FALSE,TRUE,TRUE,TRUE,,,,
2026,Connecticut,3,DEM,TRUE,FALSE,TRUE,TRUE,TRUE,,,,
2026,Connecticut,4,DEM,TRUE,FALSE,TRUE,TRUE,TRUE,,,,
2026,Connecticut,5,DEM,TRUE,FALSE,TRUE,TRUE,TRUE,,,,
2026,Delaware,1,DEM,TRUE,FALSE,TRUE,TRUE,TRUE,Sarah McBride,Earl Cooper,,
2026,Florida,1,REP,TRUE,FALSE,TRUE,TRUE,TRUE,,,,
2026,Florida,2,None,TRUE,FALSE,TRUE,TRUE,TRUE,,,,
2026,Florida,3,REP,TRUE,FALSE,TRUE,TRUE,TRUE,,,,
2026,Florida,4,REP,TRUE,FALSE,TRUE,TRUE,TRUE,,,,
2026,Florida,5,REP,TRUE,FALSE,TRUE,TRUE,TRUE,,,,
2026,Florida,6,REP,TRUE,FALSE,TRUE,TRUE,TRUE,,,,
2026,Florida,7,REP,TRUE,FALSE,TRUE,TRUE,TRUE,,,,
2026,Florida,8,REP,TRUE,TRUE,TRUE,TRUE,TRUE,,,,
2026,Florida,9,None,TRUE,TRUE,TRUE,TRUE,TRUE,,,,
2026,Florida,10,DEM,TRUE,TRUE,TRUE,TRUE,TRUE,,,,
2026,Florida,11,None,TRUE,TRUE,TRUE,TRUE,TRUE,,,,
2026,Florida,12,None,TRUE,TRUE,TRUE,TRUE,TRUE,,,,
2026,Florida,13,REP,TRUE,TRUE,TRUE,TRUE,TRUE,,,,
2026,Florida,14,None,TRUE,TRUE,TRUE,TRUE,TRUE,,,,
2026,Florida,15,None,TRUE,TRUE,TRUE,TRUE,TRUE,,,,
2026,Florida,16,None,TRUE,TRUE,TRUE,TRUE,TRUE,,,,
2026,Florida,17,REP,TRUE,TRUE,TRUE,TRUE,TRUE,,,,
2026,Florida,18,None,TRUE,TRUE,TRUE,TRUE,TRUE,,,,
2026,Florida,19,None,TRUE,TRUE,TRUE,TRUE,TRUE,,,,
2026,Florida,20,None,TRUE,TRUE,TRUE,TRUE,TRUE,,,,
2026,Florida,21,REP,TRUE,FALSE,TRUE,TRUE,TRUE,,,,
2026,Florida,22,None,TRUE,TRUE,TRUE,TRUE,TRUE,,,,
2026,Florida,23,None,TRUE,TRUE,TRUE,TRUE,TRUE,,,,
2026,Florida,24,None,TRUE,TRUE,TRUE,TRUE,TRUE,,,,
2026,Florida,25,None,TRUE,TRUE,TRUE,TRUE,TRUE,,,,
2026,Florida,26,None,TRUE,TRUE,TRUE,TRUE,TRUE,,,,
2026,Florida,27,REP,TRUE,FALSE,TRUE,TRUE,TRUE,María Elvira Salazar,Robin Peguero,,
2026,Florida,28,REP,TRUE,FALSE,TRUE,TRUE,TRUE,Carlos A. Gimenez,Hector Mujica,,
2026,Georgia,1,None,TRUE,FALSE,TRUE,TRUE,TRUE,Jim Kingston,Amanda Hollowell,,
2026,Georgia,2,DEM,TRUE,FALSE,TRUE,TRUE,TRUE,Sanford Bishop,Matt Day,,
2026,Georgia,3,REP,TRUE,FALSE,TRUE,TRUE,TRUE,Brian Jack,Maura Keller,,
2026,Georgia,4,DEM,TRUE,FALSE,TRUE,TRUE,TRUE,Hank Johnson,James Duffie,,
2026,Georgia,5,DEM,TRUE,FALSE,TRUE,TRUE,TRUE,Nikema Williams,John Oscar Salvesen,,
2026,Georgia,6,DEM,TRUE,FALSE,TRUE,TRUE,TRUE,Lucy McBath,Kevin Martin,,
2026,Georgia,7,REP,TRUE,FALSE,TRUE,TRUE,TRUE,Rich McCormick,Tony Kozycki,,
2026,Georgia,8,REP,TRUE,FALSE,TRUE,TRUE,TRUE,Austin Scott,Kelly Esti,,
2026,Georgia,9,REP,TRUE,FALSE,TRUE,TRUE,TRUE,Andrew Clyde,Caitlyn Gegen,,
2026,Georgia,10,None,TRUE,FALSE,TRUE,TRUE,TRUE,Houston Gaines,Pam Delancy,,
2026,Georgia,11,None,TRUE,FALSE,TRUE,TRUE,TRUE,John Cowan,Chris Harden,,
2026,Georgia,12,REP,TRUE,FALSE,TRUE,TRUE,TRUE,Rick Allen,Ceretta Smith,,
2026,Georgia,13,DEM,TRUE,FALSE,TRUE,TRUE,TRUE,Jasmine Clark,Jonathan Chavez,,
2026,Georgia,14,None,TRUE,FALSE,TRUE,TRUE,TRUE,Clay Fuller,Shawn Harris,,
2026,Hawaii,1,DEM,TRUE,FALSE,TRUE,TRUE,TRUE,,,,
2026,Hawaii,2,DEM,TRUE,FALSE,TRUE,TRUE,TRUE,,,,
2026,Iowa,1,REP,TRUE,FALSE,TRUE,TRUE,TRUE,Mariannette Miller-Meeks,Christina Bohannan,,
2026,Iowa,2,None,TRUE,FALSE,TRUE,TRUE,TRUE,Joe Mitchell,Lindsay James,,
2026,Iowa,3,REP,TRUE,FALSE,TRUE,TRUE,TRUE,Zach Nunn,Sarah Trone Garriott,,
2026,Iowa,4,None,TRUE,FALSE,TRUE,TRUE,TRUE,Chris McGowan,David Dawson,,
2026,Idaho,1,REP,TRUE,FALSE,TRUE,TRUE,TRUE,Russ Fulcher,Kaylee Peterson,,
2026,Idaho,2,REP,TRUE,FALSE,TRUE,TRUE,TRUE,Mike Simpson,Ellie Gilbreath,,
2026,Illinois,1,DEM,TRUE,FALSE,TRUE,TRUE,TRUE,Jonathan Jackson,Christian Maxwell,,
2026,Illinois,2,None,TRUE,FALSE,TRUE,TRUE,TRUE,Donna Miller,Michael Noack,,
2026,Illinois,3,DEM,TRUE,FALSE,TRUE,TRUE,TRUE,Delia Ramirez,Angel Oakley,,
2026,Illinois,4,None,TRUE,FALSE,TRUE,TRUE,TRUE,Patty Garcia,Lupe Castillo,,
2026,Illinois,5,DEM,TRUE,FALSE,TRUE,TRUE,TRUE,Mike Quigley,Tommy Hanson,,
2026,Illinois,6,DEM,TRUE,FALSE,TRUE,TRUE,TRUE,Sean Casten,Niki Conforti,,
2026,Illinois,7,None,TRUE,FALSE,TRUE,TRUE,TRUE,La Shawn Ford,Chad Koppie,,
2026,Illinois,8,None,TRUE,FALSE,TRUE,TRUE,TRUE,Melissa Bean,Jennifer Davis,,
2026,Illinois,9,None,TRUE,FALSE,TRUE,TRUE,TRUE,Daniel Biss,John Elleson,,
2026,Illinois,10,DEM,TRUE,FALSE,TRUE,TRUE,TRUE,Carl Lambrecht,Brad Schneider,,
2026,Illinois,11,DEM,TRUE,FALSE,TRUE,TRUE,TRUE,Bill Foster,Jeff Walter,,
2026,Illinois,12,REP,TRUE,FALSE,TRUE,TRUE,TRUE,Mike Bost,Julie Fortier,,
2026,Illinois,13,DEM,TRUE,FALSE,TRUE,TRUE,TRUE,Nikki Budzinski,Jeff Wilson,,
2026,Illinois,14,DEM,TRUE,FALSE,TRUE,TRUE,TRUE,James Marter,Lauren Underwood,,
2026,Illinois,15,REP,TRUE,FALSE,TRUE,TRUE,TRUE,Mary Miller,Jennifer Todd,,
2026,Illinois,16,REP,TRUE,FALSE,TRUE,TRUE,TRUE,Darin LaHood,Paul Nolley,,
2026,Illinois,17,DEM,TRUE,FALSE,TRUE,TRUE,TRUE,Eric Sorensen,Dillan Vancil,,
2026,Indiana,1,DEM,TRUE,FALSE,TRUE,TRUE,TRUE,Frank Mrvan,Barb Regnitz,,
2026,Indiana,2,REP,TRUE,FALSE,TRUE,TRUE,TRUE,Rudy Yakym,Jamee Decio,,
2026,Indiana,3,REP,TRUE,FALSE,TRUE,TRUE,TRUE,Marlin Stutzman,Kelly Thompson,,
2026,Indiana,4,REP,TRUE,FALSE,TRUE,TRUE,TRUE,Jim Baird,Drew Cox,,
2026,Indiana,5,REP,TRUE,FALSE,TRUE,TRUE,TRUE,Victoria Spartz,J.D. Ford,,
2026,Indiana,6,REP,TRUE,FALSE,TRUE,TRUE,TRUE,Jefferson Shreve,Cinde Wirth,,
2026,Indiana,7,DEM,TRUE,FALSE,TRUE,TRUE,TRUE,André Carson,Patrick McAuley,,
2026,Indiana,8,REP,TRUE,FALSE,TRUE,TRUE,TRUE,Mark Messmer,Mary Allen,,
2026,Indiana,9,REP,TRUE,FALSE,TRUE,TRUE,TRUE,Erin Houchin,Brad Meyer,,
2026,Kansas,1,REP,TRUE,FALSE,TRUE,TRUE,TRUE,,,,
2026,Kansas,2,REP,TRUE,FALSE,TRUE,TRUE,TRUE,,,,
2026,Kansas,3,DEM,TRUE,FALSE,TRUE,TRUE,TRUE,,,,
2026,Kansas,4,REP,TRUE,FALSE,TRUE,TRUE,TRUE,,,,
2026,Kentucky,1,REP,TRUE,FALSE,TRUE,TRUE,TRUE,James Comer,Drew Williams,,
2026,Kentucky,2,REP,TRUE,FALSE,TRUE,TRUE,TRUE,Brett Guthrie,Megan Wingfield,,
2026,Kentucky,3,DEM,TRUE,FALSE,TRUE,TRUE,TRUE,Morgan McGarvey,Maria Rodriguez,,
2026,Kentucky,4,None,TRUE,FALSE,TRUE,TRUE,TRUE,Ed Gallrein,Melissa Strange,,
2026,Kentucky,5,REP,TRUE,FALSE,TRUE,TRUE,TRUE,Hal Rogers,Ned Pillersdorf,,
2026,Kentucky,6,None,TRUE,FALSE,TRUE,TRUE,TRUE,Ralph Alvarado,Zach Dembo,,
2026,Louisiana,1,REP,TRUE,FALSE,TRUE,TRUE,TRUE,,,,
2026,Louisiana,2,DEM,TRUE,FALSE,TRUE,TRUE,TRUE,,,,
2026,Louisiana,3,REP,TRUE,FALSE,TRUE,TRUE,TRUE,,,,
2026,Louisiana,4,REP,TRUE,FALSE,TRUE,TRUE,TRUE,,,,
2026,Louisiana,5,None,TRUE,FALSE,TRUE,TRUE,TRUE,,,,
2026,Louisiana,6,DEM,TRUE,FALSE,TRUE,TRUE,TRUE,,,,
2026,Massachusetts,1,DEM,TRUE,FALSE,TRUE,TRUE,TRUE,,,,
2026,Massachusetts,2,DEM,TRUE,FALSE,TRUE,TRUE,TRUE,,,,
2026,Massachusetts,3,DEM,TRUE,FALSE,TRUE,TRUE,TRUE,,,,
2026,Massachusetts,4,DEM,TRUE,FALSE,TRUE,TRUE,TRUE,,,,
2026,Massachusetts,5,DEM,TRUE,FALSE,TRUE,TRUE,TRUE,,,,
2026,Massachusetts,6,None,TRUE,FALSE,TRUE,TRUE,TRUE,,,,
2026,Massachusetts,7,DEM,TRUE,FALSE,TRUE,TRUE,TRUE,,,,
2026,Massachusetts,8,DEM,TRUE,FALSE,TRUE,TRUE,TRUE,,,,
2026,Massachusetts,9,DEM,TRUE,FALSE,TRUE,TRUE,TRUE,,,,
2026,Maryland,1,REP,TRUE,FALSE,TRUE,TRUE,TRUE,,,,
2026,Maryland,2,DEM,TRUE,FALSE,TRUE,TRUE,TRUE,Johnny Olszewski,Dave Wallace,,
2026,Maryland,3,DEM,TRUE,FALSE,TRUE,TRUE,TRUE,Sarah Elfreth,Berney Flowers,,
2026,Maryland,4,DEM,TRUE,FALSE,TRUE,TRUE,TRUE,Glenn Ivey,George McDermott,,
2026,Maryland,5,None,TRUE,FALSE,TRUE,TRUE,TRUE,Adrian Boafo,Chris Chaffee,,
2026,Maryland,6,DEM,TRUE,FALSE,TRUE,TRUE,TRUE,April McClain Delaney,Robin Ficker,,
2026,Maryland,7,DEM,TRUE,FALSE,TRUE,TRUE,TRUE,Kweisi Mfume,Scott Collier,,
2026,Maryland,8,DEM,TRUE,FALSE,TRUE,TRUE,TRUE,Jamie Raskin,Cheryl Riley,,
2026,Maine,1,DEM,TRUE,FALSE,TRUE,TRUE,TRUE,Chellie Pingree,Ronald Russell,,
2026,Maine,2,None,TRUE,FALSE,TRUE,TRUE,TRUE,Matthew Dunlap,Paul R. LePage,,
2026,Michigan,1,REP,TRUE,FALSE,TRUE,TRUE,TRUE,,,,
2026,Michigan,2,REP,TRUE,FALSE,TRUE,TRUE,TRUE,,,,
2026,Michigan,3,DEM,TRUE,FALSE,TRUE,TRUE,TRUE,,,,
2026,Michigan,4,REP,TRUE,FALSE,TRUE,TRUE,TRUE,Bill Huizenga,Sean McCann,,
2026,Michigan,5,REP,TRUE,FALSE,TRUE,TRUE,TRUE,,,,
2026,Michigan,6,DEM,TRUE,FALSE,TRUE,TRUE,TRUE,,,,
2026,Michigan,7,REP,TRUE,FALSE,TRUE,TRUE,TRUE,Tom Barrett,Bridget Brink,,
2026,Michigan,8,DEM,TRUE,FALSE,TRUE,TRUE,TRUE,,,,
2026,Michigan,9,REP,TRUE,FALSE,TRUE,TRUE,TRUE,,,,
2026,Michigan,10,None,TRUE,FALSE,TRUE,TRUE,TRUE,Mike Bouchard,Eric Chung,,
2026,Michigan,11,None,TRUE,FALSE,TRUE,TRUE,TRUE,,,,
2026,Michigan,12,DEM,TRUE,FALSE,TRUE,TRUE,TRUE,,,,
2026,Michigan,13,DEM,TRUE,FALSE,TRUE,TRUE,TRUE,,,,
2026,Minnesota,1,REP,TRUE,FALSE,TRUE,TRUE,TRUE,Brad Finstad,Jake Johnson,,
2026,Minnesota,2,None,TRUE,FALSE,TRUE,TRUE,TRUE,,,,
2026,Minnesota,3,DEM,TRUE,FALSE,TRUE,TRUE,TRUE,,,,
2026,Minnesota,4,DEM,TRUE,FALSE,TRUE,TRUE,TRUE,,,,
2026,Minnesota,5,DEM,TRUE,FALSE,TRUE,TRUE,TRUE,,,,
2026,Minnesota,6,REP,TRUE,FALSE,TRUE,TRUE,TRUE,,,,
2026,Minnesota,7,REP,TRUE,FALSE,TRUE,TRUE,TRUE,,,,
2026,Minnesota,8,REP,TRUE,FALSE,TRUE,TRUE,TRUE,,,,
2026,Missouri,1,DEM,TRUE,TRUE,TRUE,TRUE,TRUE,,,,
2026,Missouri,2,REP,TRUE,TRUE,TRUE,TRUE,TRUE,,,,
2026,Missouri,3,REP,TRUE,TRUE,TRUE,TRUE,TRUE,,,,
2026,Missouri,4,REP,TRUE,TRUE,TRUE,TRUE,TRUE,,,,
2026,Missouri,5,None,TRUE,TRUE,TRUE,TRUE,TRUE,,,,
2026,Missouri,6,None,TRUE,TRUE,TRUE,TRUE,TRUE,,,,
2026,Missouri,7,REP,TRUE,TRUE,TRUE,TRUE,TRUE,,,,
2026,Missouri,8,REP,TRUE,TRUE,TRUE,TRUE,TRUE,,,,
2026,Mississippi,1,REP,TRUE,FALSE,TRUE,TRUE,TRUE,Trent Kelly,Cliff Johnson,,
2026,Mississippi,2,DEM,TRUE,FALSE,TRUE,TRUE,TRUE,Ron Eller,Bennie Thompson,,
2026,Mississippi,3,REP,TRUE,FALSE,TRUE,TRUE,TRUE,Michael Guest,Michael Chiaradio,,
2026,Mississippi,4,REP,TRUE,FALSE,TRUE,TRUE,TRUE,Mike Ezell,Jeffrey Hulum III,,
2026,Montana,1,None,TRUE,FALSE,TRUE,TRUE,TRUE,Aaron Flint,Sam Forstag,,
2026,Montana,2,REP,TRUE,FALSE,TRUE,TRUE,TRUE,Troy Downing,Brian Miller,,
2026,North Carolina,1,None,TRUE,TRUE,TRUE,TRUE,TRUE,Don Davis,Laurie Buckhout,,
2026,North Carolina,2,DEM,TRUE,FALSE,TRUE,TRUE,TRUE,Deborah Ross,Eugene Douglass,,
2026,North Carolina,3,REP,TRUE,TRUE,TRUE,TRUE,TRUE,Raymond Smith Jr.,Greg Murphy,,
2026,North Carolina,4,DEM,TRUE,FALSE,TRUE,TRUE,TRUE,Valerie Foushee,Max Ganorkar,,
2026,North Carolina,5,REP,TRUE,FALSE,TRUE,TRUE,TRUE,Chuck Hubbard,Virginia Foxx,,
2026,North Carolina,6,REP,TRUE,FALSE,TRUE,TRUE,TRUE,Cyril Jefferson,Addison McDowell,,
2026,North Carolina,7,REP,TRUE,FALSE,TRUE,TRUE,TRUE,David Rouzer,Kimberly Hardy,,
2026,North Carolina,8,REP,TRUE,FALSE,TRUE,TRUE,TRUE,Mark Harris,Colby Watson,,
2026,North Carolina,9,REP,TRUE,FALSE,TRUE,TRUE,TRUE,Richard Ojeda,Richard Hudson,,
2026,North Carolina,10,REP,TRUE,FALSE,TRUE,TRUE,TRUE,Pat Harrigan,Ashley Bell,,
2026,North Carolina,11,REP,TRUE,FALSE,TRUE,TRUE,TRUE,Jamie Ager,Chuck Edwards,,
2026,North Carolina,12,DEM,TRUE,FALSE,TRUE,TRUE,TRUE,Alma Adams,Jack Codiga,,
2026,North Carolina,13,REP,TRUE,FALSE,TRUE,TRUE,TRUE,Paul Barringer,Brad Knott,,
2026,North Carolina,14,REP,TRUE,FALSE,TRUE,TRUE,TRUE,Tim Moore,LaKesha Womack,,
2026,North Dakota,1,REP,TRUE,FALSE,TRUE,TRUE,TRUE,Julie Fedorchak,Trygve Hammer,,
2026,Nebraska,1,REP,TRUE,FALSE,TRUE,TRUE,TRUE,Mike Flood,Chris Backemeyer,,
2026,Nebraska,2,None,TRUE,FALSE,TRUE,TRUE,TRUE,Brinker Harding,Denise Powell,,
2026,Nebraska,3,REP,TRUE,FALSE,TRUE,TRUE,TRUE,Adrian Smith,Becky Stille,,
2026,New Hampshire,1,None,TRUE,FALSE,TRUE,TRUE,TRUE,,,,
2026,New Hampshire,2,DEM,TRUE,FALSE,TRUE,TRUE,TRUE,Maggie Goodlander,Lily Tang Williams,,
2026,New Jersey,1,DEM,TRUE,FALSE,TRUE,TRUE,TRUE,Donald Norcross,Damon Galdo,,
2026,New Jersey,2,REP,TRUE,FALSE,TRUE,TRUE,TRUE,Jeff Van Drew,Zack Mullock,,
2026,New Jersey,3,DEM,TRUE,FALSE,TRUE,TRUE,TRUE,Herb Conaway,Michael McGuire,,
2026,New Jersey,4,REP,TRUE,FALSE,TRUE,TRUE,TRUE,Chris Smith,Rachel Peace,,
2026,New Jersey,5,DEM,TRUE,FALSE,TRUE,TRUE,TRUE,Josh Gottheimer,Sean Kirrane,,
2026,New Jersey,6,DEM,TRUE,FALSE,TRUE,TRUE,TRUE,Frank Pallone,Hillary Herzig,,
2026,New Jersey,7,REP,TRUE,FALSE,TRUE,TRUE,TRUE,Thomas H. Kean,Rebecca Bennett,,
2026,New Jersey,8,DEM,TRUE,FALSE,FALSE,TRUE,FALSE,Rob Menendez,,,
2026,New Jersey,9,DEM,TRUE,FALSE,TRUE,TRUE,TRUE,Nellie Pou,Rosie Pino,,
2026,New Jersey,10,DEM,TRUE,FALSE,TRUE,TRUE,TRUE,LaMonica McIver,Carmen Bucco,,
2026,New Jersey,11,None,TRUE,FALSE,TRUE,TRUE,TRUE,Analilia Mejia,Joe Hathaway,,
2026,New Jersey,12,None,TRUE,FALSE,TRUE,TRUE,TRUE,Adam Hamawy,Gregg Mele,,
2026,New Mexico,1,DEM,TRUE,FALSE,TRUE,TRUE,TRUE,Melanie Stansbury,Didi Okpareke,,
2026,New Mexico,2,DEM,TRUE,FALSE,TRUE,TRUE,TRUE,Gabe Vasquez,Greg Cunningham,,
2026,New Mexico,3,DEM,TRUE,FALSE,TRUE,TRUE,TRUE,Teresa Leger Fernández,Martin Zamora,,
2026,Nevada,1,DEM,TRUE,FALSE,TRUE,TRUE,TRUE,Dina Titus,Carrie Buck,,
2026,Nevada,2,None,TRUE,FALSE,TRUE,TRUE,TRUE,David Flippo,Teresa Benitez-Thompson,,
2026,Nevada,3,DEM,TRUE,FALSE,TRUE,TRUE,TRUE,Susie Lee,Marty O'Donnell,,
2026,Nevada,4,DEM,TRUE,FALSE,TRUE,TRUE,TRUE,Steven Horsford,Cody Whipple,,
2026,New York,1,REP,TRUE,FALSE,TRUE,TRUE,TRUE,Nicholas J. LaLota,Chris Gallant,,
2026,New York,2,REP,TRUE,FALSE,TRUE,TRUE,TRUE,Andrew Garbarino,Patrick Halpin,,
2026,New York,3,DEM,TRUE,FALSE,TRUE,TRUE,TRUE,Tom Suozzi,Mike LiPetri,,
2026,New York,4,DEM,TRUE,FALSE,TRUE,TRUE,TRUE,Laura Gillen,Jeanine Driscoll,,
2026,New York,5,DEM,TRUE,FALSE,TRUE,TRUE,TRUE,Gregory Meeks,George Marsh,,
2026,New York,6,DEM,TRUE,FALSE,TRUE,TRUE,TRUE,Grace Meng,Joseph Chou,,
2026,New York,7,None,TRUE,FALSE,TRUE,TRUE,TRUE,Claire Valdez,Melvin Rivera,,
2026,New York,8,DEM,TRUE,FALSE,TRUE,TRUE,TRUE,Hakeem Jeffries,Lewis Mizrahi,,
2026,New York,9,DEM,TRUE,FALSE,TRUE,TRUE,TRUE,Yvette Clarke,Joel Anabilah-Azumah,,
2026,New York,10,None,TRUE,FALSE,TRUE,TRUE,TRUE,Brad Lander,Jennifer Moore,,
2026,New York,11,REP,TRUE,FALSE,TRUE,TRUE,TRUE,Nicole Malliotakis,Michael DeCillis,,
2026,New York,12,None,TRUE,FALSE,TRUE,TRUE,TRUE,Micah Lasher,Caroline Shinkle,,
2026,New York,13,None,TRUE,FALSE,TRUE,TRUE,TRUE,Darializa Avila Chevalier,Jomo Williams,,
2026,New York,14,DEM,TRUE,FALSE,TRUE,TRUE,TRUE,Alexandria Ocasio-Cortez,Diamant Hysenaj,,
2026,New York,15,DEM,TRUE,FALSE,TRUE,TRUE,TRUE,Ritchie Torres,Stylo Sapaskis,,
2026,New York,16,DEM,TRUE,FALSE,TRUE,TRUE,TRUE,George Latimer,Joseph Cinquemani,,
2026,New York,17,REP,TRUE,FALSE,TRUE,TRUE,TRUE,Mike Lawler,Cait Conley,,
2026,New York,18,DEM,TRUE,FALSE,TRUE,TRUE,TRUE,Pat Ryan,Jacqueline Auringer,,
2026,New York,19,DEM,TRUE,FALSE,TRUE,TRUE,TRUE,Josh Riley,Peter Oberacker,,
2026,New York,20,DEM,TRUE,FALSE,TRUE,TRUE,TRUE,Paul Tonko,Ralph Ambrosio,,
2026,New York,21,None,TRUE,FALSE,TRUE,TRUE,TRUE,Anthony Constantino,Blake Gendebien,,
2026,New York,22,DEM,TRUE,FALSE,TRUE,TRUE,TRUE,John Mannion,Kailee Buller,,
2026,New York,23,REP,TRUE,FALSE,TRUE,TRUE,TRUE,Nick Langworthy,Aaron Gies,,
2026,New York,24,REP,TRUE,FALSE,TRUE,TRUE,TRUE,Claudia Tenney,Alissa Ellman,,
2026,New York,25,DEM,TRUE,FALSE,TRUE,TRUE,TRUE,Joseph Morelle,Virginia McIntyre,,
2026,New York,26,DEM,TRUE,FALSE,TRUE,TRUE,TRUE,Tim Kennedy,Dennis Hannon,,
2026,Ohio,1,DEM,TRUE,FALSE,TRUE,TRUE,TRUE,Greg Landsman,Eric Conroy,,
2026,Ohio,2,REP,TRUE,FALSE,TRUE,TRUE,TRUE,David Taylor,Jennifer Mazzuckelli,,
2026,Ohio,3,DEM,TRUE,FALSE,TRUE,TRUE,TRUE,Joyce Beatty,Cleophus Dulaney,,
2026,Ohio,4,REP,TRUE,FALSE,TRUE,TRUE,TRUE,Joshua Kolasinski,Jim Jordan,,
2026,Ohio,5,REP,TRUE,FALSE,TRUE,TRUE,TRUE,Bob Latta,Brian Shaver,,
2026,Ohio,6,REP,TRUE,FALSE,TRUE,TRUE,TRUE,Michael Rulli,Elizabeth Kirtley,,
2026,Ohio,7,REP,TRUE,FALSE,TRUE,TRUE,TRUE,Max Miller,Brian Poindexter,,
2026,Ohio,8,REP,TRUE,FALSE,TRUE,TRUE,TRUE,Warren Davidson,Vanessa Enoch,,
2026,Ohio,9,DEM,TRUE,FALSE,TRUE,TRUE,TRUE,Marcy Kaptur,Derek Merrin,,
2026,Ohio,10,REP,TRUE,FALSE,TRUE,TRUE,TRUE,Mike Turner,Kristina Knickerbocker,,
2026,Ohio,11,DEM,TRUE,FALSE,TRUE,TRUE,TRUE,Shontel Brown,Mike Kirchner,,
2026,Ohio,12,REP,TRUE,FALSE,TRUE,TRUE,TRUE,Troy Balderson,Jerrad Christian,,
2026,Ohio,13,DEM,TRUE,FALSE,TRUE,TRUE,TRUE,Emilia Sykes,Carey Coleman,,
2026,Ohio,14,REP,TRUE,FALSE,TRUE,TRUE,TRUE,David Joyce,Maria Jukic,,
2026,Ohio,15,REP,TRUE,FALSE,TRUE,TRUE,TRUE,Mike Carey,Don Leonard,,
2026,Oklahoma,1,None,TRUE,FALSE,TRUE,TRUE,TRUE,Mark Tedford,John Croisant,,
2026,Oklahoma,2,REP,TRUE,FALSE,TRUE,TRUE,TRUE,Josh Brecheen,Brandon Wade,,
2026,Oklahoma,3,REP,TRUE,FALSE,TRUE,TRUE,TRUE,Frank Lucas,Suzie Byrd,,
2026,Oklahoma,4,REP,TRUE,FALSE,TRUE,TRUE,TRUE,Tom Cole,Mitchell Jacob,,
2026,Oklahoma,5,REP,TRUE,FALSE,TRUE,TRUE,TRUE,Stephanie Bice,Jena Nelson,,
2026,Oregon,1,DEM,TRUE,FALSE,TRUE,TRUE,TRUE,Suzanne Bonamici,Barbara Kahl,,
2026,Oregon,2,REP,TRUE,FALSE,TRUE,TRUE,TRUE,Cliff Bentz,Chris Beck,,
2026,Oregon,3,DEM,TRUE,FALSE,TRUE,TRUE,TRUE,Maxine Dexter,Loran Ayles,,
2026,Oregon,4,DEM,TRUE,FALSE,TRUE,TRUE,TRUE,Val Hoyle,Monique DeSpain,,
2026,Oregon,5,DEM,TRUE,FALSE,TRUE,TRUE,TRUE,Janelle Bynum,Patti Adair,,
2026,Oregon,6,DEM,TRUE,FALSE,TRUE,TRUE,TRUE,Andrea Salinas,David Russ,,
2026,Pennsylvania,1,REP,TRUE,FALSE,TRUE,TRUE,TRUE,Brian Fitzpatrick,Bob Harvie,,
2026,Pennsylvania,2,DEM,TRUE,FALSE,TRUE,TRUE,TRUE,Brendan Boyle,Jessica Arriaga,,
2026,Pennsylvania,3,None,TRUE,FALSE,FALSE,TRUE,FALSE,Chris Rabb,,,
2026,Pennsylvania,4,DEM,TRUE,FALSE,TRUE,TRUE,TRUE,Madeleine Dean,Aurora Stuski,,
2026,Pennsylvania,5,DEM,TRUE,FALSE,TRUE,TRUE,TRUE,Mary Gay Scanlon,Nicholas Manganaro,,
2026,Pennsylvania,6,DEM,TRUE,FALSE,TRUE,TRUE,TRUE,Chrissy Houlahan,Marty Young,,
2026,Pennsylvania,7,REP,TRUE,FALSE,TRUE,TRUE,TRUE,Ryan Mackenzie,Bob Brooks,,
2026,Pennsylvania,8,REP,TRUE,FALSE,TRUE,TRUE,TRUE,Rob Bresnahan Jr.,Paige Cognetti,,
2026,Pennsylvania,9,REP,TRUE,FALSE,TRUE,TRUE,TRUE,Dan Meuser,Rachel Wallace,,
2026,Pennsylvania,10,REP,TRUE,FALSE,TRUE,TRUE,TRUE,Scott Perry,Janelle Stelson,,
2026,Pennsylvania,11,REP,TRUE,FALSE,TRUE,TRUE,TRUE,Lloyd Smucker,Nancy Mannion,,
2026,Pennsylvania,12,DEM,TRUE,FALSE,TRUE,TRUE,TRUE,Summer Lee,James Hayes,,
2026,Pennsylvania,13,REP,TRUE,FALSE,TRUE,TRUE,TRUE,John Joyce,Beth Farnham,,
2026,Pennsylvania,14,REP,TRUE,FALSE,TRUE,TRUE,TRUE,Guy Reschenthaler,Alan Bradstock,,
2026,Pennsylvania,15,REP,TRUE,FALSE,TRUE,TRUE,TRUE,Glenn Thompson,Ray Bilger,,
2026,Pennsylvania,16,REP,TRUE,FALSE,TRUE,TRUE,TRUE,Mike Kelly,Justin Wagner,,
2026,Pennsylvania,17,DEM,TRUE,FALSE,TRUE,TRUE,TRUE,Chris Deluzio,Tony Guy,,
2026,Rhode Island,1,DEM,TRUE,FALSE,TRUE,TRUE,TRUE,Gabe Amo,Kellie Keenan,,
2026,Rhode Island,2,DEM,TRUE,FALSE,TRUE,TRUE,TRUE,,,,
2026,South Carolina,1,None,TRUE,FALSE,TRUE,TRUE,TRUE,Jenny Costa Honeycutt,Nancy Lacore,,
2026,South Carolina,2,REP,TRUE,FALSE,TRUE,TRUE,TRUE,Joe Wilson,Zyon Khalifa,,
2026,South Carolina,3,REP,TRUE,FALSE,TRUE,TRUE,TRUE,Sheri Biggs,Eunice Lehmacher,,
2026,South Carolina,4,REP,TRUE,FALSE,TRUE,TRUE,TRUE,William Timmons,Courtney McClain,,
2026,South Carolina,5,None,TRUE,FALSE,TRUE,TRUE,TRUE,Mallory Dittmer,Wes Climer,,
2026,South Carolina,6,DEM,TRUE,FALSE,TRUE,TRUE,TRUE,Jim Clyburn,John Peterson,,
2026,South Carolina,7,REP,TRUE,FALSE,TRUE,TRUE,TRUE,Russell Fry,John Vincent,,
2026,South Dakota,1,None,TRUE,FALSE,TRUE,TRUE,TRUE,Marty Jackley,Nikki Gronli,,
2026,Tennessee,1,REP,TRUE,FALSE,TRUE,TRUE,TRUE,,,,
2026,Tennessee,2,REP,TRUE,FALSE,TRUE,TRUE,TRUE,,,,
2026,Tennessee,3,REP,TRUE,FALSE,TRUE,TRUE,TRUE,,,,
2026,Tennessee,4,REP,TRUE,TRUE,TRUE,TRUE,TRUE,,,,
2026,Tennessee,5,None,TRUE,TRUE,TRUE,TRUE,TRUE,,,,
2026,Tennessee,6,None,TRUE,TRUE,TRUE,TRUE,TRUE,,,,
2026,Tennessee,7,REP,TRUE,FALSE,TRUE,TRUE,TRUE,,,,
2026,Tennessee,8,None,TRUE,TRUE,TRUE,TRUE,TRUE,,,,
2026,Tennessee,9,None,TRUE,TRUE,TRUE,TRUE,TRUE,,,,
2026,Texas,1,REP,TRUE,TRUE,TRUE,TRUE,TRUE,Nathaniel Moran,Yolanda Prince,,
2026,Texas,2,None,TRUE,TRUE,TRUE,TRUE,TRUE,Shaun Finnie,Steve Toth,,
2026,Texas,3,REP,TRUE,TRUE,TRUE,TRUE,TRUE,Evan Hunt,Keith Self,,
2026,Texas,4,REP,TRUE,TRUE,TRUE,TRUE,TRUE,Pat Fallon,Jason Pearce,,
2026,Texas,5,REP,TRUE,TRUE,TRUE,TRUE,TRUE,Lance Gooden,Chelsey Hockett,,
2026,Texas,6,REP,TRUE,TRUE,TRUE,TRUE,TRUE,Jake Ellzey,Danny Minton,,
2026,Texas,7,DEM,TRUE,TRUE,TRUE,TRUE,TRUE,Lizzie Fletcher,Alexander Hale,,
2026,Texas,8,None,TRUE,TRUE,TRUE,TRUE,TRUE,Laura Jones,Jessica Hart Steinmann,,
2026,Texas,9,None,TRUE,TRUE,TRUE,TRUE,TRUE,Leticia Gutierrez,Alex Mealer,,
2026,Texas,10,None,TRUE,TRUE,TRUE,TRUE,TRUE,Chris Gober,Caitlin Rourk,,
2026,Texas,11,REP,TRUE,TRUE,TRUE,TRUE,TRUE,August Pfluger,Claire Reynolds,,
2026,Texas,12,REP,TRUE,TRUE,TRUE,TRUE,TRUE,Craig Goldman,Angela Rodriguez Prilliman,,
2026,Texas,13,REP,TRUE,TRUE,TRUE,TRUE,TRUE,Ronny Jackson,Mark Nair,,
2026,Texas,14,REP,TRUE,TRUE,TRUE,TRUE,TRUE,Randy Weber,Thurman Bartie,,
2026,Texas,15,REP,TRUE,TRUE,TRUE,TRUE,TRUE,Monica De La Cruz,Bobby Pulido,,
2026,Texas,16,DEM,TRUE,TRUE,TRUE,TRUE,TRUE,Veronica Escobar,Adam Bauman,,
2026,Texas,17,REP,TRUE,TRUE,TRUE,TRUE,TRUE,Pete Sessions,Casey Shepard,,
2026,Texas,18,DEM,TRUE,TRUE,TRUE,TRUE,TRUE,Christian Menefee,Ronald Whitfield,,
2026,Texas,19,None,TRUE,TRUE,TRUE,TRUE,TRUE,Tom Sell,Kyle Rable,,
2026,Texas,20,DEM,TRUE,TRUE,TRUE,TRUE,TRUE,Joaquin Castro,Edgardo Rafael Baez,,
2026,Texas,21,None,TRUE,TRUE,TRUE,TRUE,TRUE,Kristin Hook,Mark Teixeira,,
2026,Texas,22,None,TRUE,TRUE,TRUE,TRUE,TRUE,Marquette Greene-Scott,Trever Nehls,,
2026,Texas,23,None,TRUE,TRUE,TRUE,TRUE,TRUE,Brandon Herrera,Katy Padilla Stout,,
2026,Texas,24,REP,TRUE,TRUE,TRUE,TRUE,TRUE,Beth Van Duyne,Kevin Burge,,
2026,Texas,25,REP,TRUE,TRUE,TRUE,TRUE,TRUE,Dione Sims,Roger Williams,,
2026,Texas,26,REP,TRUE,TRUE,TRUE,TRUE,TRUE,Brandon Gill,Steven Shook,,
2026,Texas,27,REP,TRUE,TRUE,TRUE,TRUE,TRUE,Michael Cloud,Tanya Lloyd,,
2026,Texas,28,DEM,TRUE,TRUE,TRUE,TRUE,TRUE,Henry Cuellar,Tano Tijerina,,
2026,Texas,29,DEM,TRUE,TRUE,TRUE,TRUE,TRUE,Martha Fierro,Sylvia Garcia,,
2026,Texas,30,None,TRUE,TRUE,TRUE,TRUE,TRUE,Frederick Haynes III,Everett Jackson,,
2026,Texas,31,REP,TRUE,TRUE,TRUE,TRUE,TRUE,John Carter,John Early,,
2026,Texas,32,None,TRUE,TRUE,TRUE,TRUE,TRUE,Dan Barrios,Jace Yarbrough,,
2026,Texas,33,None,TRUE,TRUE,TRUE,TRUE,TRUE,Colin Allred,Patrick Gillespie,,
2026,Texas,34,DEM,TRUE,TRUE,TRUE,TRUE,TRUE,Eric Flores,Vicente Gonzalez,,
2026,Texas,35,None,TRUE,TRUE,TRUE,TRUE,TRUE,Carlos De La Cruz,Johnny Garcia,,
2026,Texas,36,REP,TRUE,TRUE,TRUE,TRUE,TRUE,Brian Babin,Rhonda Hart,,
2026,Texas,37,DEM,TRUE,TRUE,TRUE,TRUE,TRUE,Greg Casar,Lauren Peña,,
2026,Texas,38,None,TRUE,TRUE,TRUE,TRUE,TRUE,John Bonck,Melissa McDonough,,
2026,Utah,1,None,TRUE,TRUE,TRUE,TRUE,TRUE,Ben McAdams,Riley Owen,,
2026,Utah,2,REP,TRUE,TRUE,TRUE,TRUE,TRUE,Blake Moore,Peter Crosby,,
2026,Utah,3,REP,TRUE,TRUE,TRUE,TRUE,TRUE,Celeste Maloy,Kent Udell,,
2026,Utah,4,None,TRUE,TRUE,TRUE,TRUE,TRUE,Mike Kennedy,Jonny Larsen,,
2026,Virginia,1,REP,TRUE,FALSE,TRUE,TRUE,TRUE,Robert J. Wittman,Shannon Taylor,,
2026,Virginia,2,REP,TRUE,FALSE,TRUE,TRUE,TRUE,,,,
2026,Virginia,3,DEM,TRUE,FALSE,TRUE,TRUE,TRUE,,,,
2026,Virginia,4,DEM,TRUE,FALSE,TRUE,TRUE,TRUE,,,,
2026,Virginia,5,REP,TRUE,FALSE,TRUE,TRUE,TRUE,,,,
2026,Virginia,6,REP,TRUE,FALSE,TRUE,TRUE,TRUE,,,,
2026,Virginia,7,DEM,TRUE,FALSE,TRUE,TRUE,TRUE,,,,
2026,Virginia,8,DEM,TRUE,FALSE,TRUE,TRUE,TRUE,,,,
2026,Virginia,9,REP,TRUE,FALSE,TRUE,TRUE,TRUE,,,,
2026,Virginia,10,DEM,TRUE,FALSE,TRUE,TRUE,TRUE,,,,
2026,Virginia,11,DEM,TRUE,FALSE,TRUE,TRUE,TRUE,,,,
2026,Vermont,1,DEM,TRUE,FALSE,TRUE,TRUE,TRUE,,,,
2026,Washington,1,DEM,TRUE,FALSE,TRUE,TRUE,TRUE,,,,
2026,Washington,2,DEM,TRUE,FALSE,TRUE,TRUE,TRUE,,,,
2026,Washington,3,DEM,TRUE,FALSE,TRUE,TRUE,TRUE,,,,
2026,Washington,4,None,TRUE,FALSE,TRUE,TRUE,TRUE,,,,
2026,Washington,5,REP,TRUE,FALSE,TRUE,TRUE,TRUE,,,,
2026,Washington,6,DEM,TRUE,FALSE,TRUE,TRUE,TRUE,,,,
2026,Washington,7,DEM,TRUE,FALSE,TRUE,TRUE,TRUE,,,,
2026,Washington,8,DEM,TRUE,FALSE,TRUE,TRUE,TRUE,,,,
2026,Washington,9,DEM,TRUE,FALSE,TRUE,TRUE,TRUE,,,,
2026,Washington,10,DEM,TRUE,FALSE,TRUE,TRUE,TRUE,,,,
2026,Wisconsin,1,REP,TRUE,FALSE,TRUE,TRUE,TRUE,Bryan Steil,Mitchell Berman,,
2026,Wisconsin,2,DEM,TRUE,FALSE,TRUE,TRUE,TRUE,,,,
2026,Wisconsin,3,REP,TRUE,FALSE,TRUE,TRUE,TRUE,Derrick Van Orden,Rebecca Cooke,,
2026,Wisconsin,4,DEM,TRUE,FALSE,TRUE,TRUE,TRUE,,,,
2026,Wisconsin,5,REP,TRUE,FALSE,TRUE,TRUE,TRUE,,,,
2026,Wisconsin,6,REP,TRUE,FALSE,TRUE,TRUE,TRUE,,,,
2026,Wisconsin,7,None,TRUE,FALSE,TRUE,TRUE,TRUE,,,,
2026,Wisconsin,8,REP,TRUE,FALSE,TRUE,TRUE,TRUE,,,,
2026,West Virginia,1,REP,TRUE,FALSE,TRUE,TRUE,TRUE,Carol Miller,Vince George,,
2026,West Virginia,2,REP,TRUE,FALSE,TRUE,TRUE,TRUE,Riley Moore,Ace Parsi,,
2026,Wyoming,1,None,TRUE,FALSE,TRUE,TRUE,TRUE,,,,
